,id,name,place,x,y
0,1200778275,누구나,서울 종로구 관철동 45-1,126.984277225711,37.5696992619921
1,1405972272,프레쉬스터디카페 종로본점,서울 종로구 관철동 7-1,126.987390118116,37.5695086244849
2,1621480330,코넬스터디카페,서울 종로구 무악동 67-2,126.957014305547,37.5754768708493
3,1201830240,플래닛스터디카페 대학로점,서울 종로구 혜화동 143-2,127.001166138804,37.5845216599476
4,1886521714,더스터디 카페,서울 종로구 관철동 7-16,126.987163829054,37.5689247549924
5,1192265678,24시간스터디카페 프리카페 성균관대점,서울 종로구 명륜3가 127,126.99744584315,37.5837377739414
6,1140157304,랭스터디카페 대학로점,서울 종로구 동숭동 1-63,127.002780534371,37.5822637435758
7,267571885,작심스터디카페 혜화점,서울 종로구 명륜2가 8-67,126.999669406768,37.5841919017256
8,345425107,써밋스터디카페 서촌점,서울 종로구 통인동 137-7,126.970565533676,37.5793228669617
9,897423486,작심스터디카페 대학로점,서울 종로구 동숭동 1-113,127.002812208924,37.5815897996174
10,1355320575,더공간스터디카페,서울 종로구 동숭동 1-74,127.003552664617,37.5824988821726
11,2133285212,시작스터디카페 종로점,서울 종로구 인의동 112-14,126.99728890195114,37.57189870636039
12,630722351,공뜰,서울 종로구 종로2가 56-11,126.988069250821,37.5697285379659
13,1250289624,그린스터디카페 독립문역점,서울 종로구 무악동 63-10,126.957129561478,37.5758463205008
14,557181425,세검정스터디카페,서울 종로구 홍지동 97-5,126.958762279804,37.5999052071592
15,1769772574,크라스 스터디랩 종로점,서울 종로구 종로3가 119,126.991000959367,37.5700693741134
16,41275563,위넌스터디카페 성균관대점,서울 종로구 명륜2가 211,126.998184006553,37.5839864617557
17,1289783697,스터디카페 스페로 성균관대점,서울 종로구 명륜4가 187,126.998913140594,37.5826475945567
18,696879359,디스페이스,서울 종로구 평창동 462-4,126.97479975064,37.6123595990142
19,553312123,더스테이24 스터디카페,서울 종로구 명륜4가 176-3,126.999393170209,37.5826421920396
20,1869428440,더마이스스터디카페,서울 종로구 명륜3가 127,126.997409613351,37.5837557930182
21,1620202508,플래닛 스터디카페 혜화점,서울 종로구 혜화동 126-4,127.000665725384,37.5853424685756
22,952972046,언어교환101,서울 종로구 종로2가 75-8,126.986221868727,37.5699472787081
23,1972133671,초월스터디카페 혜화점,서울 종로구 명륜2가 222,126.997708500472,37.583874730315
24,1985646079,스터디101 신교점,서울 종로구 신교동 59,126.970065664629,37.5836871543902
25,1064234396,BnB 스터디,서울 종로구 이화동 113,127.003554610853,37.5758090015325
26,1312607892,스터디피아,서울 종로구 인의동 112-2,126.997356829593,37.5716527362257
27,1590217644,멘토즈스터디카페 혜화역점,서울 종로구 혜화동 90-18,127.002026583164,37.5842423404136
28,378331595,당근스터디카페,서울 서대문구 홍제동 274-49,126.947972735429,37.5933633516273
29,506810925,열공다방스터디카페 서대문점,서울 서대문구 냉천동 218,126.96412938388674,37.56791989823676
30,829771531,제이24스터디카페 홍제점,서울 서대문구 홍제동 139-4,126.947638252215,37.5859282151295
31,117266771,어라운드스터디카페 돈암점,서울 성북구 동소문동6가 26,127.012926253802,37.5923866232573
32,316709818,엘알마스터디카페 서대문점,서울 서대문구 천연동 108,126.961344683435,37.5682523876956
33,537231227,지니24스터디카페 홍은점,서울 서대문구 홍은동 24-78,126.94594562615167,37.596879911391866
34,1032617603,미라클 스터디카페 홍제센터,서울 서대문구 홍제동 139-5,126.947733454822,37.5857877024308
35,1474563790,데어스터디카페 홍은스테이,서울 서대문구 홍은동 464,126.94155117529152,37.59222870066407
36,2090145752,위넌스터디카페 한성대입구점,서울 성북구 동소문동1가 44,127.007391336117,37.5896480833444
37,1698914639,A1스터디카페 성신여대점,서울 성북구 동소문동6가 231,127.015750744369,37.5950081662317
38,1493523938,지니24스터디카페 홍제역점,서울 서대문구 홍제동 330-51,126.94244976095891,37.58987575090278
39,514222935,초월스터디카페 한성대점,서울 성북구 동소문동1가 49,127.007178464232,37.5895579972407
40,417492398,조슈아스터디카페,서울 성북구 동소문동3가 32,127.010088397462,37.5899362012061
41,177906519,오션스터디카페 돈암점,서울 성북구 동소문동7가 117-3,127.014340395918,37.5978104291739
42,2126489553,스키마스터디카페 정릉점,서울 성북구 정릉동 161-17,127.011918216292,37.6047230987235
43,716536935,튜터K랑,서울 성북구 동소문동5가 67-5,127.015086627707,37.5921854456787
44,562888656,우등스터디카페,서울 성북구 정릉동 373-4,127.007338842005,37.6085256493359
45,1524010029,시엘스터디카페,서울 중구 필동2가 64-2,126.996751681363,37.5610507014685
46,667838155,어라운드스터디카페 왕십리점,서울 중구 황학동 2503,127.02336217297214,37.56567054639221
47,1733182987,위넌스터디카페 약수역점,서울 중구 신당동 340-66,127.01238142905943,37.55704065989576
48,1886061660,위넌스터디카페 상왕십리점,서울 중구 황학동 1101-1,127.023272410697,37.568205966493
49,658129411,지니24스터디카페 약수역점,서울 중구 신당동 370-27,127.012041862614,37.5567974257139
50,102065996,체크업스터디카페 신당점,서울 중구 신당동 47-6,127.01830154843,37.5612385370068
51,460504618,셀독24스터디카페 상왕십리역점,서울 중구 신당동 170-29,127.024222161148,37.5649081303679
52,567375707,초월스터디카페 약수역점,서울 중구 신당동 370-53,127.01183711662,37.557438956556
53,474294389,작심스터디카페 충무로역점,서울 중구 필동1가 22-2,126.992224429565,37.5608432608489
54,891199146,위넌스터디카페 신금호역점,서울 성동구 금호동2가 444,127.019877407117,37.5540861657078
55,811338480,작심스터디카페 상왕십리역점,서울 성동구 하왕십리동 946-22,127.029659211787,37.563685138756
56,1344524707,랭스터디카페 신설동본점,서울 동대문구 신설동 98-24,127.026071050446,37.5761845938785
57,769601492,플래닛스터디 카페 신금호점,서울 성동구 금호동2가 456,127.020536032893,37.5539725272644
58,993387659,셀독24스터디카페 신금호역점,서울 성동구 금호동1가 119,127.020229656742,37.5551474812409
59,1887601028,아에르스터디카페 옥수점,서울 성동구 옥수동 284-2,127.013974643466,37.5433092657738
60,80574590,모어댄스터디카페 금호점,서울 성동구 금호동3가 1299,127.018615267761,37.5484127853006
61,1787190206,작심스터디카페 숙대눈송이점,서울 용산구 청파동3가 15-2,126.970217047818,37.5447028858404
62,2043560333,르하임스터디카페 숙대점,서울 용산구 청파동3가 111-9,126.96751943891094,37.54457243074806
63,1656697754,데어스터디카페 왕십리점,서울 성동구 하왕십리동 1058,127.023979959722,37.5579083363479
64,831592484,시작스터디카페 옥수점,서울 성동구 옥수동 285-73,127.014759989288,37.5435632520738
65,825881203,위넌스터디카페 성신여대점,서울 성북구 보문동1가 10,127.018523086055,37.5874520434743
66,207854062,DCT 스터디카페 상왕십리점,서울 성동구 홍익동 405,127.030312210495,37.5662726338633
67,572383784,어라운드스터디카페 숙대점,서울 용산구 청파동3가 114-8,126.966976425695,37.5442551283854
68,1906548536,작심스터디카페 동부이촌점,서울 용산구 이촌동 302-44,126.970023049877,37.5205091550197
69,104928809,블라썸스터디카페 숙대점,서울 용산구 청파동2가 63-5,126.966772384238,37.5450659704773
70,1563954075,리얼스터디카페 이촌2호점,서울 용산구 이촌동 302-64,126.967692890069,37.5202220216836
71,1954080351,더탑스터디카페,서울 용산구 한강로3가 40-892,126.95991261969,37.5242038710884
72,137501409,미라클스터디카페 원효센터,서울 용산구 원효로1가 133-3,126.967337741846,37.5382716893589
73,294579742,공부의신스터디카페 용산원효센터,서울 용산구 원효로4가 142-3,126.950485293323,37.5335562958832
74,1687617219,리얼스터디카페 이촌1호점,서울 용산구 이촌동 300-15,126.977874234851,37.5184169554596
75,804586085,엘더스터디카페 이촌점,서울 용산구 이촌동 300-20,126.977281441762,37.5186078556202
76,2023403911,비에이블스터디카페 압구정시그니처센터,서울 강남구 신사동 529,127.02106380546313,37.52319787115595
77,587269623,몽비현,서울 강남구 신사동 525-20,127.021301244206,37.5227653473258
78,802970241,얼리버드스터디카페,서울 서초구 잠원동 75-10,127.00134360276458,37.50547248942654
79,870256329,비에이블스터디카페 신반포센터,서울 서초구 잠원동 72-2,127.003519762284,37.5088034602399
80,1583216252,플라이스터디카페,서울 마포구 도화동 1-12,126.95403770861,37.5412378587113
81,1112685814,열공스터디카페 옥수점,서울 성동구 옥수동 296-15,127.015880013015,37.5425512842915
82,1768240471,워라밸스터디카페,서울 서초구 잠원동 28-4,127.01977143892539,37.51279150576261
83,27115872,그린램프라이브러리 반포2캠퍼스,서울 서초구 잠원동 76-7,127.001262177649,37.5057905451831
84,171181631,헤이든스터디룸,서울 서초구 잠원동 76-7,127.001235033865,37.5057797334071
85,1049159845,시너지플레이스 마포도화점,서울 마포구 도화동 353,126.951778364641,37.5390168939451
86,302260984,하우스터디 압구정스터디카페,서울 강남구 신사동 568-4,127.024910280314,37.5239125185101
87,252826418,SCT 스터디카페,서울 강남구 압구정동 415,127.019842489567,37.5248216890531
88,1164320264,타겟스터디카페,서울 강남구 신사동 576-4,127.026946930397,37.5249896702168
89,525483915,셀독24스터디카페,서울 서초구 반포동 1166,126.990341859891,37.5022239772889
90,459266152,지니24스터디카페 공덕점,서울 마포구 공덕동 105-158,126.955491968086,37.5503204862459
91,1680258462,헤이든스터디카페,서울 서초구 반포동 93-3,126.998694950022,37.4997556085268
92,1613740498,설의풀 스터디카페,서울 서초구 반포동 59-6,127.009078174424,37.503886378717
93,435162131,베스터디,서울 마포구 신공덕동 13-11,126.955527332584,37.5460344488169
94,1091696175,오션스터디카페 반포서래점,서울 서초구 반포동 94-2,126.997914638137,37.4996132383539
95,118064282,사계스터디카페 중앙대점,서울 동작구 흑석동 97-1,126.96280890315127,37.507736274201285
96,1070874210,랭스터디카페 중앙대점,서울 동작구 흑석동 183-1,126.961427742909,37.5081124513044
97,1065566374,초월스터디카페 공덕점,서울 마포구 공덕동 105-159,126.955449020941,37.5502267662196
98,718274277,온더데스크 스터디카페 중앙대점,서울 동작구 흑석동 181-11,126.961210354279,37.5085628825166
99,1105738079,모임 왕십리점,서울 성동구 행당동 4-31,127.040432590811,37.560150034133
100,634216076,위넌스터디카페 한양대점,서울 성동구 행당동 159-6,127.039631506459,37.558453728399
101,1505007894,위넌스터디카페 뚝섬역점,서울 성동구 성수동1가 22-5,127.049246778326,37.5442044270146
102,897010727,르하임스터디카페 한양대점,서울 성동구 행당동 31-11,127.042126349733,37.5571581316064
103,1105154860,초심스터디카페 한양대점,서울 성동구 행당동 1-123,127.041390955647,37.5617012184452
104,228973356,더공간스터디카페 한양대점,서울 성동구 행당동 16-53,127.042017112949,37.5601422729006
105,1866635508,스터디카페 위드,서울 성동구 성수동1가 656-564,127.0450466176878,37.5464225618209
106,890690501,리얼스터디카페 성수점,서울 성동구 성수동2가 289-14,127.054791457416,37.5457751289466
107,869611314,비에이블스터디카페 행당센터,서울 성동구 행당동 319-9,127.03371335168968,37.558270862166175
108,1702698886,캐치카페 한양대점,서울 성동구 행당동 32-6,127.042487311329,37.5570354666307
109,170455049,뚝섬 큰나래스터디,서울 성동구 성수동1가 656-994,127.046341109738,37.5463337629984
110,1738933598,디스터디카페 한양대점,서울 성동구 행당동 31-7,127.041929470086,37.5572410934397
111,2089525874,어라운드스터디카페 금호점,서울 성동구 금호동1가 1756,127.025774982506,37.5514360913659
112,1721696544,위넌스터디카페 성수점,서울 성동구 성수동1가 13-443,127.04810722061,37.5493730263822
113,579594396,스터디카페 위드 뚝섬점,서울 성동구 성수동1가 13-103,127.048207784076,37.5491360227602
114,1986295933,아이디어스터디카페,서울 성동구 행당동 322-21,127.030744436024,37.5576220535755
115,374947709,그루스터디카페 신금호센터,서울 성동구 금호동1가 172,127.024572206678,37.5554692145237
116,78912858,망고스터디카페 상왕십리역점,서울 성동구 홍익동 420,127.030481113925,37.5668879705822
117,1396217997,달빛정원스터디카페,서울 성동구 행당동 322-100,127.033969250516,37.5560363154088
118,1010666477,올탑스터디카페 전농1동점,서울 동대문구 전농동 648-6,127.047291903485,37.5753851248445
119,657074278,스터디위즈,서울 동대문구 용두동 104-3,127.032513074378,37.5777363096048
120,1167579905,지공스터디카페 전농점,서울 동대문구 전농동 652-1,127.049546737211,37.5751130006576
121,1410599171,공본스터디카페 전농센터,서울 동대문구 전농동 498-21,127.048078114947,37.5762858017094
122,1402165003,어라운드스터디카페 전농점,서울 동대문구 전농동 26-15,127.05789250699,37.5756777304
123,1367717957,랭스터디카페 고려대점,서울 성북구 안암동5가 104-34,127.029694314417,37.5836800070669
124,452450293,스터디카페 루,서울 동대문구 답십리동 99-22,127.057352701405,37.5744328194504
125,1305167019,더공간스터디카페 고대점,서울 성북구 안암동5가 134-35,127.02887309077863,37.58262604854429
126,1720492374,플랜스터디카페 청량리점,서울 동대문구 전농동 221-6,127.052732187363,37.5782029321779
127,51192534,랭스터디카페,서울 광진구 자양동 5-55,127.069151843007,37.5390137003658
128,1529991871,어라운드스터디카페 중곡2호점,서울 광진구 중곡동 21-9,127.087265596305,37.5631178176802
129,456957942,열공다방 스터디카페 군자점,서울 광진구 능동 276-1,127.08010517586,37.5564555171091
130,589417480,작심스터디카페 화양점,서울 광진구 화양동 18-26,127.070223466253,37.5475725616006
131,155974163,서당스터디라운지 건대점,서울 광진구 화양동 2-46,127.072311342719,37.544107861588
132,1167542934,홈워크,서울 광진구 화양동 33-34,127.068890214346,37.5448847662898
133,1223487897,더스카이스터디카페,서울 광진구 구의동 254-36,127.083790073704,37.5422352059728
134,866618801,랭스터디카페 구의점,서울 광진구 구의동 200-21,127.0945376066243,37.540623311767305
135,707039156,어라운드스터디카페 중곡1호점,서울 광진구 중곡동 24-2,127.086695414131,37.5633506947623
136,374457014,스토피아 광진센터,서울 광진구 구의동 31-23,127.093401300046,37.5531030472539
137,1968946721,어라운드스터디카페 자양점,서울 광진구 자양동 512-2,127.070122611076,37.5365479914375
138,242535696,초심스터디카페 광장점,서울 광진구 광장동 470-10,127.097632190065,37.5414190793696
139,1760006635,화이트펜슬스터디카페 광장점,서울 광진구 구의동 211-3,127.093915661487,37.5409301478929
140,1634202347,공공장소스터디카페,서울 광진구 화양동 495-17,127.076280166044,37.545646072895
141,2144296755,베프스터디카페 구의점,서울 광진구 구의동 68-25,127.086797700846,37.5461487756505
142,589062091,하우스터디 세종스터디카페,서울 광진구 화양동 116-2,127.070902458343,37.5475973838106
143,1801137642,시작스터디카페 자양점,서울 광진구 자양동 601-9,127.075530793551,37.5319243247471
144,1623243437,시작스터디카페 중곡점,서울 광진구 중곡동 150-104,127.086902431548,37.5622801590218
145,28471028,이루다스터디카페 자양점,서울 광진구 자양동 553-501,127.071274495245,37.5342443444827
146,1382759703,숨스터디카페,서울 광진구 화양동 498-1,127.07578301043489,37.546378905097114
147,1924557794,지니24스터디카페 군자역점,서울 광진구 중곡동 161-23,127.080738246297,37.5589454418044
148,2134552687,랭스터디카페 세종대점,서울 광진구 화양동 206,127.072970841447,37.5473834880346
149,597873579,스터디카페 혜윰,서울 광진구 구의동 250-19,127.084385302515,37.5422726240951
150,2077817173,블루문스터디카페 세종대점,서울 광진구 군자동 373-8,127.072862918939,37.5481151655689
151,1919922974,그루스터디카페 건대중문센터,서울 광진구 화양동 3-22,127.07199384275458,37.54341879116343
152,1251556854,브릭핸즈 스터디카페,서울 광진구 화양동 427-2,127.075973879327,37.5448984411884
153,96078926,나무스터디,서울 광진구 자양동 623-18,127.081357537644,37.5341441245186
154,2088294435,초심스터디카페 광진구청점,서울 광진구 자양동 769-7,127.082836575873,37.5395148598093
155,1188547721,어라운드스터디카페 구의점,서울 광진구 자양동 661-27,127.083359760452,37.5317739969875
156,1120134912,탑플라이트스터디카페 중곡센터,서울 광진구 중곡동 21-11,127.087287494575,37.5634547740618
157,2073848684,지공스터디카페 광장점,서울 광진구 광장동 246-11,127.102617100951,37.5459558880488
158,1724639357,자북스터디카페,서울 광진구 자양동 553-476,127.068355520648,37.5343217541658
159,1864389490,게이트스터디카페 구의본점,서울 광진구 구의동 219-3,127.092895646849,37.5395983762096
160,699862037,시작스터디카페 광장점,서울 광진구 구의동 199-8,127.09524571741,37.5404551568289
161,1288187012,올공스터디카페,서울 광진구 화양동 132-6,127.070503926538,37.5473813827544
162,203566220,자양스터디카페,서울 광진구 자양동 658-135,127.08490610772037,37.53255766719861
163,1600747247,집중독서실스터디카페,서울 광진구 광장동 457-25,127.10139645945,37.5420321907338
164,2070436979,초심스터디카페 군자점,서울 광진구 중곡동 341-29,127.081676318982,37.5567085219382
165,1569321014,시너지플레이스 서울자양점,서울 광진구 자양동 610-12,127.076201877795,37.5332105229806
166,1172527233,청정24시스터디카페,서울 광진구 자양동 666-28,127.084000183479,37.5298138656748
167,1154248686,마스터플랜 구의점,서울 광진구 구의동 229-1,127.090320697723,37.5445621774196
168,1841669866,스터디엔카페 건대입구센터,서울 광진구 자양동 550-1,127.068397614212,37.5358137867804
169,1724670632,초심스터디카페 구의점,서울 광진구 구의동 202-5,127.093845451337,37.5426907565714
170,431746290,서다스터디카페,서울 광진구 자양동 679-1,127.084246775344,37.5317886845726
171,358342051,이산스터디카페,서울 광진구 중곡동 24-6,127.086810164651,37.5627487449732
172,1245747644,더스터디카페 회기점,서울 동대문구 휘경동 281-6,127.05957620327781,37.588907980955234
173,144707760,작심스터디카페 고려대정문점,서울 동대문구 제기동 137-332,127.036016548578,37.5888949961359
174,1569355921,랭스터디카페 경희대점,서울 동대문구 회기동 57-11,127.054321720719,37.5907998968862
175,2137798443,브리즈스터디카페 장안점,서울 동대문구 장안동 361-1,127.068262521996,37.5663396821936
176,1265985637,그루스터디카페 휘경센터,서울 동대문구 휘경동 49,127.072801293333,37.5824755851292
177,1121803233,타임유스터디카페 팔복장안점,서울 동대문구 장안동 331-2,127.07405026241,37.5724052983393
178,1782254689,커피엔스터디카페,서울 동대문구 이문동 325-52,127.059234160236,37.5944879963941
179,542794617,디씨티 스터디카페 신이문점,서울 동대문구 이문동 38-46,127.069156557328,37.6004309426132
180,1838558013,어라운드스터디카페 휘경점,서울 동대문구 휘경동 42-23,127.064417177918,37.5909750174418
181,1223901816,초심스터디카페 경희대점,서울 동대문구 회기동 45-107,127.053121718791,37.5910851565587
182,112577914,비바체스터디카페 경희대점,서울 동대문구 회기동 31-1,127.05285584187,37.5929791609938
183,590452775,열공다방스터디카페 서울시립대점,서울 동대문구 전농동 103-103,127.05307447113,37.5835456711565
184,1633151647,초월스터디카페 장안동점,서울 동대문구 장안동 308,127.072655777723,37.5725359080622
185,1734155163,위넌스터디카페 장안센터2호점,서울 동대문구 장안동 107-19,127.068093092356,37.5791627384999
186,1608642290,르하임스터디카페 경희대점,서울 동대문구 회기동 42-84,127.052323319655,37.592492862666
187,578693282,위넌스터디카페 장안점,서울 동대문구 장안동 335-5,127.073936575378,37.5719116243934
188,486961225,위넌스터디카페 회기점,서울 동대문구 이문동 264-222,127.057149266593,37.5985579007546
189,516831515,작심스터디카페 장안점,서울 동대문구 답십리동 2-146,127.066074752691,37.5729614404769
190,860453305,비에이블스터디카페 서울시립대센터,서울 동대문구 전농동 150,127.054547314425,37.5834152567156
191,299680347,어반트리 스터디카페 전농센터,서울 동대문구 전농동 295-316,127.056906570137,37.5772567518287
192,1069450302,스터디룸 개러지랩,서울 동대문구 제기동 137-75,127.035008462859,37.5880573763595
193,535537759,이지스스터디카페 경희대점,서울 동대문구 회기동 346-18,127.05611523618974,37.590802661817435
194,279032778,새날스터디카페,서울 동대문구 휘경동 77-6,127.062798847466,37.5906001758473
195,1249856366,서당 스터디라운지 서울시립대점,서울 동대문구 전농동 124-2,127.053075398598,37.5832573528937
196,685138684,그로우랩스터디카페 동대문휘경점,서울 동대문구 휘경동 57-1,127.068315156331,37.5843090848262
197,765253191,포텐스터디카페 경희대점,서울 동대문구 회기동 16-46,127.052717494563,37.5926864005224
198,2009535864,시작스터디카페 회기점,서울 동대문구 휘경동 183-245,127.056976078706,37.5912203097503
199,2015802132,퍼플스터디카페 동대문전농센터,서울 동대문구 전농동 26-13,127.057865492828,37.575877764405
200,684928460,스터디엔카페독서실,서울 동대문구 장안동 330-1,127.073000075422,37.57271229065
201,1930521472,전농스터디카페,서울 동대문구 전농동 295-146,127.057508168006,37.5763987137576
202,616146167,초심스터디카페 장안사거리점,서울 동대문구 장안동 308-1,127.072153476117,37.5728497623307
203,553148886,일취월장입시관리형스터디카페 전농점,서울 동대문구 전농동 40,127.059886425469,37.5775868436018
204,1537047571,본스터디카페,서울 동대문구 답십리동 97-18,127.057791305008,37.5750948365605
205,427960958,멘토즈스터디카페 경희대점,서울 동대문구 회기동 45-74,127.053239694635,37.5913932426916
206,1463134747,화이트펜슬스터디카페 서울시립대점,서울 동대문구 전농동 124-12,127.053564334176,37.5830408936479
207,86272745,멘토즈스터디카페 서울시립대점(2022년5월오픈예정),서울 동대문구 전농동 152-11,127.05485066753667,37.58332681880632
208,2042682666,위넌스터디카페 면목역점,서울 중랑구 면목동 126-1,127.086724283984,37.5902002981824
209,467126321,초월스터디카페 중화1호점,서울 중랑구 중화동 301-13,127.0796862166956,37.598748460372974
210,814972269,위넌스터디카페 사가정역점,서울 중랑구 면목동 605-32,127.08599147595,37.5811368471729
211,1838921882,리앤리스터디카페,서울 중랑구 망우동 209-4,127.1043275602,37.6007744996174
212,1837863900,플랜스터디카페 면목점,서울 중랑구 망우동 444-26,127.098418249154,37.5919138233786
213,957683956,토리스터디룸카페,서울 중랑구 중화동 305-18,127.079008560729,37.6025709176797
214,1865614307,작심스터디카페 면목점,서울 중랑구 면목동 354-4,127.086013984702,37.5770841608322
215,1402497385,작심스터디카페 서울먹골점,서울 중랑구 묵동 171-14,127.078395663777,37.6142085045271
216,1053474562,비타스터디카페,서울 중랑구 신내동 521-10,127.096470360571,37.6021615005934
217,93540005,올인스터디카페 중화점,서울 중랑구 중화동 210,127.07244044924,37.5933093408795
218,1888846508,청춘24시스터디카페 면목점,서울 중랑구 면목동 720-6,127.080391489402,37.5743436949683
219,1837955040,위넌스터디카페 먹골역점,서울 중랑구 묵동 239-91,127.077054777624,37.6099531167404
220,1473191988,초심스터디카페 신내동점,서울 중랑구 신내동 565-2,127.095888299601,37.6057010632608
221,1937015005,열공다방스터디카페 사가정역점,서울 중랑구 면목동 626-10,127.08677688903,37.5789450559419
222,571143515,위넌스터디카페 중화역점,서울 중랑구 중화동 122-11,127.085250528341,37.6025017026914
223,1772344995,올인스터디카페 사가정역점,서울 중랑구 면목동 536-7,127.0903896639011,37.580112735670475
224,908907171,플랜트스터디카페 사가정라운지,서울 중랑구 면목동 507-26,127.093572042482,37.5810391802605
225,968255085,서당스터디라운지 상봉점,서울 중랑구 상봉동 100-7,127.08616131970723,37.596874354908536
226,891764817,위넌스터디카페 서일대점,서울 중랑구 면목동 51-1,127.096234421569,37.5877890804932
227,1863316771,지니24 스터디카페 신내점,서울 중랑구 신내동 502-5,127.096777506367,37.6014837044914
228,507681127,플랜스터디카페 묵동점,서울 중랑구 묵동 240-174,127.075101709348,37.6116716607811
229,2060155143,초월 스터디카페 먹골점,서울 중랑구 묵동 174-4,127.078262209817,37.612233626123
230,405171128,스터디카페일팔공,서울 중랑구 신내동 656,127.095145412499,37.6146142472325
231,897259281,초월스터디카페 중화2호점,서울 중랑구 중화동 301-24,127.079742634166,37.5985592141989
232,1044313070,단향스터디카페 사가정센터,서울 중랑구 면목동 156-5,127.083195483332,37.5834850373692
233,1340482805,에이플러스,서울 중랑구 신내동 666,127.094700130052,37.6064498440042
234,1895922120,멘토즈스터디카페 화랑대역점,서울 중랑구 묵동 2,127.08419383942,37.6194770920243
235,379076526,올탑스터디카페 묵동점,서울 중랑구 묵동 156-22,127.081017618225,37.6172773013261
236,2007850933,노벨스터디카페 신내점,서울 중랑구 신내동 571-2,127.09579653317,37.6047911381869
237,968941146,서당스터디라운지 사가정점,서울 중랑구 면목동 636-18,127.087195340308,37.5805250904733
238,1750183114,브릴리스터디센터 신내점,서울 중랑구 신내동 467-1,127.097279332239,37.6042150937847
239,952357152,멘토즈스터디카페 사가정점,서울 중랑구 면목동 632-5,127.085406344364,37.5783171617794
240,414554507,올인스터디카페 망우사거리점,서울 중랑구 망우동 466-4,127.100034582876,37.5982554428102
241,473616423,이지스스터디카페 신내점,서울 중랑구 신내동 650,127.091631611881,37.616146905873
242,869265493,비에이블스터디카페 중랑구청센터,서울 중랑구 신내동 613-81,127.096092099427,37.6074235894181
243,945744638,더하다스터디카페,서울 중랑구 면목동 50-46,127.094923925893,37.5864927124826
244,1516303957,스터디카페 위드 면목점,서울 중랑구 면목동 183-24,127.077853639402,37.5907831173441
245,1492946852,올인스터디카페 면목5호점,서울 중랑구 면목동 183-35,127.07988927921,37.5916755411221
246,1069227972,올인스터디카페 망우점,서울 중랑구 망우동 490-9,127.096966581394,37.5988346373166
247,83191058,24시스터디카페 태릉입구역점,서울 노원구 공릉동 661-20,127.077594120006,37.6189085881144
248,1473043906,스터디카페 시나브로,서울 노원구 공릉동 90-4,127.086663788938,37.6219944646397
249,919909891,비에이블스터디카페 공릉센터,서울 노원구 공릉동 408-6,127.079346144263,37.6261297361223
250,151976153,초월스터디카페 공릉점,서울 노원구 공릉동 221-2,127.080052128426,37.6253039554887
251,374374550,작심스터디카페 서울화랑대역점,서울 노원구 공릉동 240-92,127.079967401705,37.6223487757258
252,1805902897,초심 스터디카페 석계역점,서울 성북구 석관동 133-44,127.065260813554,37.6131208971537
253,108400841,시작스터디카페 종암점,서울 성북구 종암동 3-1192,127.034307468938,37.6000732074227
254,995358089,모임스터디룸 성신여대점,서울 성북구 동선동1가 4-10,127.017215165986,37.5914634597754
255,1318139260,초심 스터디카페 고려대점,서울 성북구 안암동5가 102-28,127.029244299538,37.5851757680936
256,387566506,초심스터디카페 길음점,서울 성북구 길음동 518-13,127.027678551638,37.6067422762317
257,1683731216,스토피아 스터디카페 길음뉴타운센터,서울 성북구 길음동 1226,127.023047061394,37.6082875678499
258,887438537,리게인스터디카페 석관점,서울 성북구 석관동 274-12,127.05964950140047,37.609811831485665
259,1572678705,캐치카페 안암,서울 성북구 안암동5가 104-30,127.02970799701643,37.58392327180857
260,340247189,시작스터디카페 성신여대점,서울 성북구 동선동1가 124,127.019011508679,37.5936201588545
261,241665504,셀독24스터디카페 종암점,서울 성북구 종암동 132,127.033515610381,37.6019186637668
262,1838926508,링크스터디카페 길음점,서울 성북구 길음동 1285-7,127.01915125878268,37.60872974921392
263,51909631,공간샘스터디카페오피스 성신여대점,서울 성북구 동선동1가 85-33,127.019158479564,37.5927245491814
264,2028252277,지니24스터디카페 정릉점,서울 성북구 정릉동 284-11,127.008680051855,37.6109834572095
265,2009455031,온더데스크독서실 길음센터,서울 성북구 길음동 1281-6,127.019670488104,37.6107262561572
266,1206897379,르하임스터디카페 고대안암점,서울 성북구 안암동5가 15-25,127.029057606732,37.5883905565832
267,1223173883,베이스캠프 스터디카페,서울 성북구 동선동1가 48,127.017468624573,37.5907282129177
268,904983857,엘알마스터디카페 성신여대점,서울 성북구 삼선동4가 336,127.014787305884,37.5901771720109
269,1666971794,열공다방스터디카페 꿈의숲점,서울 성북구 장위동 218-32,127.044859466973,37.6192787598196
270,1908248877,어라운드스터디카페 정릉점,서울 성북구 정릉동 239-1,127.009124689209,37.616451524243
271,1771988718,이지스스터디카페 성신여대점,서울 성북구 동선동4가 109,127.018067245954,37.5939716939601
272,1715733841,마스터플랜 석계역점,서울 성북구 석관동 168-56,127.064745010611,37.6138888235683
273,2011703221,마인스터디카페,서울 성북구 종암동 87-6,127.034039896948,37.5993633041235
274,1835982025,스터디카페블랭크 장위점,서울 성북구 장위동 237-134,127.048918579199,37.6168084398532
275,712650951,작심스터디카페 서경대점,서울 성북구 정릉동 260-29,127.009525099594,37.6121366580202
276,125678239,헤븐스터디카페 장위센터,서울 성북구 장위동 316-3,127.048202236184,37.6230516783742
277,1904440591,비바체스터디카페 고대안암역점,서울 성북구 안암동5가 146-4,127.02908051008913,37.58614527701844
278,9460182,최강스터디카페&독서실,서울 성북구 장위동 316-3,127.04834600008199,37.62290295666711
279,1233424437,스토피아 월곡센터,서울 성북구 하월곡동 60-8,127.03719106412,37.6055899988667
280,983604987,어썸스터디카페 종암점,서울 성북구 종암동 3-545,127.031939615534,37.6027552199132
281,72589397,선스터디카페,서울 성북구 정릉동 227-38,127.014813964308,37.6104206293888
282,1317213143,새날스터디카페 석관점,서울 성북구 석관동 301-30,127.059752618251,37.6084638993233
283,581938413,그루스터디카페 돈암동센터,서울 성북구 돈암동 19-98,127.02208162193,37.5988633942839
284,170078189,빈체로스터디카페,서울 성북구 하월곡동 62-11,127.03782447072615,37.60403108479086
285,1726000140,서당스터디라운지 성신여대점,서울 성북구 동소문동6가 147,127.015979202328,37.5937305293203
286,1029893249,그루스터디카페 수유센터,서울 강북구 수유동 188-4,127.02261226064992,37.642247651787834
287,303313583,리게인스터디카페 수유점,서울 강북구 번동 443-3,127.025595379965,37.6350625888243
288,1854778681,엘알마스터디카페 강북수유점,서울 강북구 수유동 360-20,127.016597816463,37.6412602713143
289,1471034702,프레쉬스터디카페 수유역점,서울 강북구 번동 418-9,127.026702382865,37.638565373816
290,111434869,스터디카페 시너지플레이스 미아점,서울 강북구 미아동 206-20,127.025103592547,37.628054825571
291,130044091,단박스터디카페,서울 강북구 번동 461-80,127.028751163419,37.6394190259587
292,1929265138,위넌스터디카페 미아점,서울 강북구 미아동 202-12,127.024184510068,37.6304570470821
293,1280082992,헤븐스터디카페 미아점,서울 강북구 미아동 126-23,127.027462866792,37.6238394836533
294,1237890290,미라클스터디카페 수유센터,서울 강북구 수유동 254-6,127.019915275757,37.6452628307261
295,786587736,작심스터디카페 서울삼각산점,서울 강북구 미아동 1357-10,127.015773410341,37.6165526345177
296,1142056036,타임유스터디카페 솔샘점,서울 강북구 미아동 838-96,127.017751882559,37.6201256719263
297,865344752,온리스터디카페 수유419센터,서울 강북구 수유동 322-9,127.015673047414,37.6456382798624
298,1808916644,엔아르케 스터디카페 미아점,서울 강북구 미아동 701-3,127.018794009573,37.6202480448818
299,488479552,단향스터디카페 수유센터,서울 강북구 수유동 472-602,127.016571742051,37.6309917456482
300,1922715358,지공스터디카페 수유점,서울 강북구 수유동 472-4,127.018539176797,37.6340439929415
301,548936530,온리스터디카페 수유점,서울 강북구 수유동 189-49,127.023771260108,37.6419032479292
302,213135691,셀독24스터디카페 미아점,서울 강북구 미아동 49-110,127.034154763028,37.6128276633137
303,1402682207,위넌스터디카페 가오리역점,서울 강북구 수유동 339-2,127.016275152369,37.6424090713952
304,1595685071,오투 스터디카페,서울 강북구 미아동 61-51,127.02935897884129,37.61483095071582
305,465298666,디플레이스스터디카페 미아뉴타운점,서울 강북구 미아동 811-9,127.018847951381,37.6185505751761
306,529929893,에임하이스터디카페,서울 강북구 수유동 192-3,127.02529762299612,37.6390125718781
307,2052448805,마이플레이스 수유점,서울 강북구 수유동 340-9,127.016088306712,37.6429091433027
308,707182553,루시드 스터디카페,서울 강북구 번동 411-8,127.028538827314,37.6352439126291
309,1852727138,지니24스터디카페 번동점,서울 강북구 번동 306-11,127.039400173562,37.6284743814579
310,1565182985,한빛스터디카페,서울 강북구 미아동 1348-3,127.020622073833,37.6197485923559
311,65547748,초월스터디카페 솔샘점,서울 강북구 미아동 1339-6,127.016648568031,37.6198933779057
312,1281089346,헤븐스터디카페 삼양점,서울 강북구 미아동 777-6,127.0186684288,37.6253800886115
313,21542023,이정수스터디카페,서울 강북구 수유동 468-48,127.013540301357,37.6317705843884
314,872198315,메이크잇 스터디카페,서울 강북구 번동 242-1,127.045851019435,37.625527626796
315,1764448383,공부의기술스터디카페 삼각산점,서울 강북구 미아동 682-11,127.021611666372,37.6183879235485
316,246571521,라이프플러스스터디카페 신창시장점,서울 도봉구 창동 578-158,127.037637991937,37.6384849073287
317,1508537850,아레아스터디카페,서울 도봉구 창동 593-11,127.037935103198,37.6434672564842
318,1642548470,작심스터디카페 쌍문노해로점,서울 도봉구 쌍문동 137-202,127.030605031564,37.6511241419955
319,1791276448,이지스스터디카페 창동쌍문점,서울 도봉구 창동 700-36,127.037023708061,37.6517746137938
320,212293657,강스터디카페,서울 도봉구 쌍문동 423-2,127.013314938258,37.6512751217444
321,1265021400,헤븐스터디카페 월계점,서울 노원구 월계동 907-9,127.043942875984,37.632347017378
322,1702674111,시작스터디카페 쌍문점,서울 도봉구 쌍문동 산 69-3,127.029524281938,37.657625906952
323,804190082,워크앤스터디24 쌍문점,서울 도봉구 쌍문동 256,127.028191446541,37.6573748590334
324,456144713,위스터디카페,서울 도봉구 창동 333,127.045463689382,37.6516995844254
325,1812551028,퀸스터디카페,서울 도봉구 쌍문동 167-6,127.031008196806,37.6559776299591
326,1811072794,스터디&카페독서실,서울 도봉구 쌍문동 257-2,127.028186749594,37.6569414877898
327,1942420917,열공다방스터디카페 창동점,서울 도봉구 창동 715-34,127.039115192253,37.655349037713
328,2038348251,미라클스터디카페 쌍문점,서울 도봉구 쌍문동 199-13,127.034320921037,37.6589003992292
329,278856532,타임유스터디카페 창동점,서울 도봉구 창동 75-13,127.0466162236898,37.6518234702544
330,1825351780,르하임스터디카페 쌍문점,서울 도봉구 쌍문동 20,127.0348636643777,37.65866868775019
331,579975823,하베르스터디카페 창동점,서울 도봉구 창동 181-3,127.04596593727726,37.65760983425397
332,951017059,위넌스터디카페 방학역점,서울 도봉구 방학동 653-1,127.043162262377,37.6694678038512
333,1948058037,타임유스터디카페 방학점,서울 도봉구 방학동 718-6,127.044848175713,37.6683391476442
334,31341109,타임유스터디카페 창동프리미엄점,서울 도봉구 창동 9-1,127.05024630106908,37.65249951898456
335,1541844510,지니24스터디카페 창동점,서울 도봉구 창동 181-52,127.04622852579155,37.65707274638338
336,736683572,워크앤스터디24,서울 도봉구 방학동 720-33,127.047060469715,37.668035556341
337,1980173223,시너지플레이스스터디카페 도봉점,서울 도봉구 도봉동 566,127.044186525598,37.6841065314335
338,1493972362,메이크잇 스터디카페 창동점,서울 도봉구 창동 823,127.041737745663,37.6557373633064
339,105832511,레즈고스터디카페 방학점,서울 도봉구 방학동 665-13,127.03372877141419,37.66265946477672
340,27376435,스터디플래닛 방학센터,서울 도봉구 쌍문동 217,127.03265622993767,37.65919639383977
341,1444559438,화이트펜슬스터디카페 창동점,서울 도봉구 창동 749-16,127.041626381502,37.6592503313393
342,1648697182,시작스터디카페 창동점,서울 도봉구 창동 333-2,127.046193534441,37.6518110227662
343,854956389,타임유 스터디카페 방학중앙점,서울 도봉구 방학동 670-2,127.03341119019835,37.6621225703411
344,387624071,프레쉬스터디카페 도봉구청점,서울 도봉구 도봉동 636-12,127.046449275384,37.6694215062063
345,1541771947,보들리스터디카페,서울 도봉구 창동 333-1,127.045830863629,37.6517318777321
346,1836223735,디플레이스 스터디카페 방학점,서울 도봉구 방학동 484-7,127.027313021284,37.6601023376308
347,1395677948,스터디카페 공터,서울 도봉구 방학동 724-37,127.048602457183,37.6618614105839
348,78017920,단향스터디카페 도봉직영센터,서울 도봉구 쌍문동 19-15,127.03519043237513,37.65946956348933
349,1086101922,셀독24스터디카페 창동점,서울 도봉구 창동 26,127.05117516820981,37.651973846757556
350,153010334,스토피아스터디카페 쌍문센터,서울 도봉구 쌍문동 45-8,127.03640118825,37.6579267152456
351,1777523879,아이비스터디카페,서울 도봉구 쌍문동 723,127.035798464665,37.6583125199429
352,1411453606,터닝스터디카페 도봉점,서울 도봉구 도봉동 568-31,127.045138808036,37.6840845473283
353,1422366487,일프로스터디카페 쌍문점,서울 도봉구 쌍문동 45-6,127.036858959624,37.657771604206
354,1340620766,에이스스터디카페 창동센터,서울 도봉구 창동 731-34,127.040823562089,37.6563809844981
355,63389575,엘리스스터디 카페 방학역점,서울 도봉구 방학동 653-1,127.043161129436,37.6694687052459
356,1541426510,비온탑스터디카페 창동점,서울 도봉구 창동 807,127.04870462932,37.6603882638739
357,934122934,세그루스터디카페,서울 도봉구 방학동 668-11,127.031126532283,37.6625484584878
358,619151856,시작스터디카페 상계점,서울 노원구 상계동 1040-18,127.05423498222,37.6709192158518
359,550119262,비에이블스터디카페 노원마들센터,서울 노원구 상계동 651-2,127.056834389571,37.6668888086509
360,1343396319,캄스터디카페,서울 노원구 상계동 649-2,127.05754392350536,37.66690288032266
361,1733725595,공부인스터디카페 노원마들센터,서울 노원구 상계동 651-4,127.056920272387,37.666551800531
362,572843591,노원역 스터디룸 스터디카페 더골스터디,서울 노원구 상계동 353-1,127.063961690539,37.6567112791249
363,794107273,랭스터디카페 노원점,서울 노원구 상계동 357-2,127.062929578292,37.6570614152447
364,1254326694,타임유스터디카페 석계역점,서울 노원구 월계동 493-1,127.063495274522,37.614682372488
365,46621090,랭스터디카페 공릉점,서울 노원구 공릉동 386-2,127.073663982814,37.6261135985479
366,1656120674,르하임스터디카페 노원점,서울 노원구 상계동 749-9,127.061812871667,37.6510722745794
367,304584825,타임유스터디카페 공릉점,서울 노원구 공릉동 312-4,127.07021335286731,37.6284060099233
368,863959514,작심스터디카페 서울노원중계1호점,서울 노원구 중계동 361-1,127.07400387760298,37.64672972600205
369,1841283853,초심스터디카페,서울 노원구 상계동 594-2,127.062894228693,37.656802852271
370,655710098,나우스터디카페,서울 노원구 상계동 1141-3,127.05291643726832,37.67847452615024
371,465430207,위넌스터디카페 중계점,서울 노원구 중계동 366-15,127.077781754719,37.6511385090727
372,1264988503,스토피아스터디카페 노원센터,서울 노원구 상계동 603-8,127.06192164022,37.6565105476566
373,953734027,타임유스터디카페 노원1호점,서울 노원구 상계동 763-7,127.061996571525,37.6484953665978
374,1365990175,페이션스 스터디카페,서울 노원구 상계동 1313-1,127.053058616142,37.6871049310496
375,1786476808,작심스터디카페 서울상계역점,서울 노원구 중계동 137-14,127.07563100573694,37.66234451894562
376,1379593030,어라운드스터디카페 노원상계점,서울 노원구 상계동 1309,127.070913474648,37.6546584715673
377,1104095146,위퍼스트스터디카페 광운대점,서울 노원구 월계동 410-7,127.060683913367,37.622832385575
378,753586631,타임유스터디카페 상계역점,서울 노원구 중계동 152-9,127.075596512631,37.6596235775575
379,847384638,비상스터디카페 공릉점,서울 노원구 공릉동 392-18,127.07612961861,37.6267553379311
380,786090997,비에이블스터디카페 하계센터,서울 노원구 하계동 256-12,127.07409880907393,37.63963351623805
381,1138044159,더공간스터디카페 노원점,서울 노원구 상계동 354-3,127.06359004928,37.6567943703928
382,384563638,단디스터디카페,서울 노원구 중계동 588,127.072785763432,37.6536824683085
383,615101764,초월스터디카페 광운대점,서울 노원구 월계동 429-6,127.061563035159,37.6202118588346
384,232059337,타임유스터디카페 수락산역점,서울 노원구 상계동 1120-1,127.056505631898,37.675772627383
385,1376871611,비에이블스터디카페 중계센터,서울 노원구 중계동 359-11,127.076476368396,37.6511790057828
386,1482621453,멘토즈스터디카페 공릉점,서울 노원구 공릉동 420-2,127.079138797439,37.6271570000123
387,1661725940,플랜에이스터디카페 과학기술대센터,서울 노원구 공릉동 435-2,127.076159859225,37.629747493915
388,314648589,스토피아,서울 노원구 상계동 169-103,127.071927070694,37.6622062825937
389,1656236532,거북이의기적스터디카페 노원점,서울 노원구 상계동 602-1,127.06227580591,37.6572131271659
390,145909519,타임유스터디카페 노원3호점,서울 노원구 상계동 693-4,127.061531466888,37.6561107157801
391,153675340,인텐투스터디카페,서울 노원구 월계동 635-4,127.057612127163,37.6290182983223
392,1167221894,어라운드스터디카페 중계역점,서울 노원구 중계동 512,127.06546637776,37.643467805393
393,1671086270,한성스터디카페,서울 노원구 공릉동 345-3,127.079370845495,37.6237916588025
394,472549517,이지스스터디카페 하계점,서울 노원구 하계동 271-3,127.065687741568,37.6349317535348
395,1206392658,프렌즈스터디카페 2호점,서울 노원구 중계동 509-1,127.06823084326,37.6407506725579
396,1782542036,시작스터디카페 공릉점,서울 노원구 공릉동 392-2,127.07558109814318,37.62651963208014
397,932806519,포텐스터디카페 서울중계점,서울 노원구 중계동 366-14,127.07786126002588,37.651313247283014
398,310722107,시작스터디카페 노원점,서울 노원구 상계동 728-7,127.061529192166,37.6519806135479
399,1202175969,공간샘스터디카페 노원점,서울 노원구 중계동 188-45,127.074856145719,37.6581824791257
400,558721712,메이드스터디카페 역촌센터,서울 은평구 역촌동 40-7,126.919374275325,37.6025986556903
401,916422396,스터디카페 백련,서울 은평구 응암동 578-16,126.917602380918,37.5930072845376
402,555343915,디플레이스 스터디카페 은평대조점,서울 은평구 대조동 187-53,126.924089906503,37.6158517302872
403,1122696818,지니24스터디카페 녹번역점,서울 은평구 녹번동 38-30,126.93540530855088,37.60247156790802
404,322059902,어라운드스터디카페 은평점,서울 은평구 대조동 226-3,126.918101223267,37.6110274373573
405,172728505,900원 숲24시스터디카페,서울 은평구 응암동 84-7,126.926817688123,37.6016088125812
406,1888188623,그루스터디카페 은평선일초센터,서울 은평구 갈현동 448-42,126.914208814448,37.6196813666951
407,1085821413,이제마스터디카페 응암점,서울 은평구 응암동 87-10,126.922916147255,37.6008134572848
408,1549692412,숲24시스터디카페,서울 은평구 불광동 423,126.926766309787,37.6216710995849
409,699110866,르하임스터디카페 구파발역점,서울 은평구 진관동 72,126.919333954666,37.6357333504867
410,1948636563,르하임스터디카페 응암점,서울 은평구 응암동 91-5,126.918122609494,37.5997830999495
411,1863736398,다짐스터디카페 응암점,서울 은평구 응암동 110-12,126.919083094673,37.5995927523435
412,205290401,위넌스터디카페 응암역점,서울 은평구 응암동 427-38,126.918870353835,37.5952822654166
413,848909094,예일24스터디카페,서울 은평구 응암동 97-2,126.9266761512793,37.6004374371083
414,1209087324,지니24스터디카페 연신내역점,서울 은평구 갈현동 395-7,126.919994302825,37.6200314102812
415,743362901,스터디카페청춘 은평신사점,서울 은평구 신사동 16-22,126.910039012329,37.5992528387396
416,87009712,플랜트스터디카페 연신내라운지,서울 은평구 갈현동 460-5,126.91912720335846,37.617425162687674
417,430202813,지니24스터디카페 은평신사점,서울 은평구 신사동 40-1,126.909326102843,37.5960411616371
418,1633713519,스터디카페24365 새절역캠퍼스,서울 은평구 신사동 335-7,126.913640077454,37.5923557379497
419,136148239,이안스터디카페 응암역점,서울 은평구 역촌동 43-14,126.917820794531,37.600324385524
420,643693802,그루스터디카페 은평응암센터,서울 은평구 응암동 103-1,126.922633798121,37.600083470195
421,1974068357,이음스터디카페,서울 은평구 갈현동 454-11,126.918686294393,37.6187403019228
422,522173987,공본스터디카페 녹번역센터,서울 은평구 녹번동 19-121,126.935327431857,37.6034770303503
423,7773175,챕터스터디카페,서울 은평구 대조동 84-3,126.92589905852,37.6143950810845
424,2036086305,그루스터디카페 은평새절센터,서울 은평구 신사동 336-2,126.913525082097,37.591924979692
425,629708144,스터디카페 공감,서울 은평구 진관동 70-3,126.918863292083,37.6393081356548
426,1078768714,어라운드스터디카페 응암점,서울 은평구 응암동 402-74,126.921065831871,37.5932538202841
427,1194952305,KDB스터디카페 은평신사2호점,서울 은평구 신사동 8-36,126.910425352503,37.5990918552529
428,1561584057,유스스터디카페,서울 은평구 갈현동 449-32,126.914960409434,37.6201396123917
429,736519384,그루스터디카페 은평갈현센터,서울 은평구 갈현동 528,126.909547600783,37.6151116792629
430,580883425,시스 스터디카페 서대문은평센터,서울 은평구 응암동 747-1,126.920620624098,37.5870564979688
431,1562730794,그루스터디카페 백련산힐스테이트센터,서울 은평구 응암동 760,126.923431075797,37.5922877132382
432,1379727536,멘토즈스터디카페 응암백련산점,서울 은평구 응암동 240-14,126.922134972628,37.5930193716102
433,215069288,봄날의서재 감성스터디카페 연신내점,서울 은평구 갈현동 454-27,126.918005058471,37.618153287498
434,1437854146,공본스터디카페 응암센터,서울 은평구 응암동 109-2,126.921784522067,37.6000540787306
435,1902488169,지공스터디카페 은평신사점,서울 은평구 신사동 8-5,126.910426492855,37.6000297873445
436,965597670,에코플러스스터디카페 응암점,서울 은평구 역촌동 43-2,126.918665096115,37.6007637527631
437,262204385,스터디고 은평역촌점,서울 은평구 역촌동 30-33,126.918666681247,37.6034685266457
438,1923680454,청춘24시스터디카페,서울 은평구 불광동 12-2,126.933286707335,37.617458343792
439,2035895271,비에이블스터디카페 은평갈현센터,서울 은평구 갈현동 451-13,126.9156502304,37.6191382093217
440,1366496439,스터디카페도도,서울 은평구 갈현동 434-8,126.916463417404,37.6212434945691
441,1846964379,오슬로 스터디카페 녹번역점,서울 은평구 녹번동 218,126.931697527174,37.60140270776
442,1642711476,에피소드 스터디카페,서울 은평구 갈현동 461-1,126.918448742137,37.6163795496808
443,916517374,브뤼케스터디카페,서울 은평구 진관동 74,126.919584186087,37.63482172428
444,1488997338,플랜에이스터디카페 이대이화센터,서울 서대문구 대현동 37-1,126.944294536313,37.559034688872
445,1589490856,플랜에이스터디카페 이화스터디2센터,서울 서대문구 대현동 37-1,126.944302475591,37.5590121676929
446,118800738,플랜에이스터디카페 이화스터디룸카페,서울 서대문구 대현동 37-1,126.944302475591,37.5590121676929
447,1041596354,윙스터디 신촌점,서울 서대문구 창천동 62-59,126.9347703988,37.5566034259156
448,27146718,시간공방 신촌점,서울 서대문구 창천동 57-8,126.93610095561804,37.55705104815282
449,884526216,랭스터디카페 신촌점,서울 서대문구 창천동 18-5,126.937402265311,37.5573040244687
450,2140621364,스터디랩스,서울 서대문구 창천동 29-20,126.93832435642,37.5562881847772
451,195380776,모티브,서울 서대문구 창천동 13-111,126.938884418945,37.5578598152295
452,181471943,영스스터디카페,서울 서대문구 창천동 72-32,126.933217531232,37.5567214894509
453,232167724,작심스터디카페 서울명지대점,서울 서대문구 남가좌동 324-2,126.924846337227,37.5800017847436
454,2137696605,랭스터디카페 이대점,서울 서대문구 대현동 60-9,126.945855383831,37.5588795424903
455,702541048,엘스터디카페,서울 서대문구 창천동 72-34,126.933040968232,37.5567322014201
456,1180227213,스터디카페공간 연희점,서울 서대문구 연희동 188-57,126.93033153708286,37.56647220828698
457,1948091978,더공간스터디카페 신촌점,서울 서대문구 창천동 62-22,126.9342949624,37.5567184899541
458,1337648656,위넌스터디카페 이대점,서울 서대문구 대현동 27-33,126.943356427194,37.5588459341675
459,1829699200,시작스터디카페 신촌명물거리점,서울 서대문구 창천동 31-82,126.938100912532,37.5582486378211
460,159236459,랭스터디카페 명지대점,서울 서대문구 남가좌동 324-50,126.923787422443,37.5792803108487
461,733720625,어스스터디카페 신촌1호점,서울 서대문구 창천동 5-11,126.940065180865,37.5588659332455
462,1998896852,르하임스터디카페 연희점,서울 서대문구 연희동 188-8,126.929820499202,37.5658529214777
463,1375769783,꿈틀스터디카페 신촌점,서울 서대문구 창천동 33-25,126.936447502882,37.5581135108623
464,1529995711,지니24스터디카페 가재울DMC점,서울 서대문구 남가좌동 379-2,126.913434542606,37.5723319130896
465,119083321,블랙라벨스터디카페 북가좌점,서울 서대문구 북가좌동 306-17,126.910231129953,37.5778940617721
466,82234313,지니24스터디카페 아현점,서울 서대문구 북아현동 154-1,126.95514571867801,37.5578112508084
467,1366303068,시작스터디카페 이대점,서울 서대문구 대현동 37-39,126.943999205235,37.5589471524556
468,832163473,위넌스터디카페 북가좌점,서울 서대문구 북가좌동 327-13,126.912703213903,37.5820837341098
469,155035419,써밋스터디카페,서울 서대문구 북아현동 177-2,126.955147308749,37.5627108722135
470,160661274,공본스터디카페 모래내센터,서울 서대문구 홍은동 405-24,126.928838328463,37.5774238121904
471,874974605,포텐스터디카페 신촌점,서울 서대문구 창천동 13-2,126.93843152139469,37.55809023519474
472,549804103,지공스터디카페 연희점,서울 서대문구 연희동 137-10,126.931247266052,37.5676800793498
473,959069725,럭키스터디카페,서울 서대문구 창천동 29-20,126.938328886373,37.5562845831538
474,1287644681,그린스터디플레이스 가재울점,서울 서대문구 남가좌동 206-11,126.92151581142757,37.57556672686401
475,409338294,이룸24스터디카페,서울 서대문구 북가좌동 384-19,126.90711854796727,37.57557339602366
476,670619552,브레인업스터디카페,서울 서대문구 북가좌동 283-21,126.91580470528878,37.58057231804155
477,1667507165,어라운드스터디카페 명지대점,서울 서대문구 남가좌동 324-1,126.924982099329,37.5800919704663
478,329544418,런앤런스터디카페 가재울점,서울 서대문구 남가좌동 338-37,126.924587982567,37.5768670621105
479,928686325,르하임스터디카페 명지대점,서울 서대문구 홍은동 343-1,126.924071730034,37.5847044742015
480,435322745,어스스터디카페 신촌2호점,서울 서대문구 창천동 33-36,126.936700009497,37.5579703879675
481,952095179,플랜에이스터디카페 마포대흥센터,서울 마포구 대흥동 298,126.941373281462,37.5476185327393
482,1674668369,르하임스터디카페 망원역점,서울 마포구 망원동 386-3,126.911064797065,37.5546562115019
483,704225153,타임레서피스터디룸,서울 마포구 서교동 375-46,126.919023183754,37.5545430060388
484,1895686979,원투스픽 구름이야기,서울 마포구 동교동 205-5,126.919815012878,37.5570050712386
485,1879919985,지니24스터디카페 합정역점,서울 마포구 합정동 414-19,126.91461592372,37.5488924460194
486,210025040,타임스터디카페 마포점,서울 마포구 대흥동 549-2,126.943739213125,37.5434678801014
487,26325149,팀플레이스,서울 마포구 동교동 201-14,126.920654882868,37.5569047269441
488,1203771403,클로버스터디카페,서울 마포구 망원동 413-42,126.90601062637107,37.55367831809861
489,130913818,작심스터디카페 마포대흥점,서울 마포구 대흥동 326-5,126.94147366942,37.546587839912
490,2048896918,티구시포,서울 마포구 서교동 394-69,126.91596704906578,37.549941276338245
491,2112169783,비에이블스터디카페 마포센터,서울 마포구 신수동 31-1,126.939774284694,37.5490557217892
492,1347304742,비에이블스터디카페,서울 마포구 도화동 205-14,126.947581307994,37.5379411133418
493,253460571,제이스 스터디룸,서울 마포구 상수동 145-1,126.922800258701,37.5485466911278
494,2008652670,지니24스터디카페 상암DMC점,서울 마포구 상암동 34-46,126.894708530149,37.5760143776723
495,1259370838,하베르스터디카페 경성고사거리점,서울 마포구 성산동 232-4,126.91633275920107,37.559896657157665
496,193109932,얼라이브 스터디센터 마포점,서울 마포구 염리동 155-2,126.944641872357,37.5469605792326
497,717313743,제로스페이스 스터디카페,서울 마포구 아현동 282-3,126.955668137626,37.5547642747525
498,1742403084,이제마24스터디카페 월드컵점,서울 마포구 성산동 152-1,126.904771510333,37.5696042381578
499,1471942818,올다스터디카페 성산점,서울 마포구 성산동 151-6,126.90499803232,37.5694999052207
500,1009824426,채움스터디카페,서울 마포구 노고산동 1-10,126.942162122116,37.5562694041541
501,101218861,리브유어라이프 스터디카페,서울 마포구 상암동 1590,126.886035356395,37.5815960876344
502,448905875,감성스터디카페 대흥역점,서울 마포구 신수동 32-2,126.939530891175,37.5491691232059
503,255517125,이제마스터디카페 망원점,서울 마포구 망원동 517,126.90647731967,37.5587675209437
504,1957280259,작심스터디카페 이대역점,서울 마포구 대흥동 12-33,126.943643536894,37.5563232793847
505,892857444,하베르스터디카페,서울 마포구 망원동 482-9,126.907907524771,37.558147858299
506,123798953,이제마스터디카페 성산점,서울 마포구 성산동 208-9,126.916068782892,37.5611434491188
507,167937035,그린스터디카페,서울 마포구 상암동 1751,126.879419009779,37.5845195434468
508,41323008,토즈스터디카페 공덕센터,서울 마포구 염리동 159-10,126.945941704156,37.545923230701
509,1090672847,더작심 연트럴파크점,서울 마포구 동교동 147-39,126.925675621443,37.5589100096889
510,1064189543,알씨디스페이스 공덕점,서울 마포구 공덕동 222-2,126.952140902645,37.5489136179614
511,1928758545,미라클스터디카페 마포아현점,서울 마포구 아현동 618-19,126.953624317487,37.5509955162142
512,750265407,공본 스터디카페 서강대센터,서울 마포구 신수동 89-6,126.937114476182,37.5496057462578
513,2018264286,더프리미엄신촌독서실,서울 마포구 창전동 437,126.93244436568565,37.55190431613678
514,1831519153,모락 합정2호점,서울 마포구 서교동 393-5,126.914899091628,37.5506550030273
515,1815032399,지니24스터디카페 성산점,서울 마포구 성산동 200-364,126.908139618141,37.5682229781742
516,1283513890,지니24 스터디카페 대흥점,서울 마포구 대흥동 773-3,126.940886905582,37.5444756058858
517,84223022,초심스터디카페 홍대상수점,서울 마포구 상수동 317-1,126.920573403741,37.5483668165284
518,146650741,덤보스터디카페,서울 마포구 서교동 376-15,126.917598384772,37.5534824470857
519,11780868,브라우나비 스터디카페,서울 마포구 대흥동 405-14,126.942275297315,37.5459971792146
520,976068329,모락 홍대점,서울 마포구 동교동 156-2,126.92436505019778,37.55775409925477
521,214356508,르하임스터디카페 서강대점,서울 마포구 신수동 63-8,126.937713294327,37.5521117396727
522,1402628864,알지스터디플렉스,서울 마포구 상암동 1740,126.87986425406919,37.585037167210636
523,203044150,플랜에이스터디카페 목동센터,서울 양천구 목동 752-8,126.872745913908,37.5379778873423
524,768332999,플랜에이스터디카페 목동등촌센터,서울 양천구 목동 602-15,126.867580939655,37.5487517591239
525,1666332485,작심스터디카페 오목교역점,서울 양천구 목동 406-36,126.873111403692,37.52527417056
526,1999643136,작심스터디카페 서울목동역점,서울 양천구 신정동 1006-2,126.864683514954,37.5239529566949
527,1028616031,르하임스터디카페 목동역점,서울 양천구 신정동 991-1,126.861746018255,37.5255875756355
528,1087209000,시작이반스터디카페 목동점,서울 양천구 신정동 294-36,126.870752931532,37.5179212369832
529,1286004926,위퍼스트스터디카페 목동점,서울 양천구 목동 731-11,126.863876979792,37.5357533396449
530,951002326,스테이스터디카페 목동점,서울 양천구 신정동 900-20,126.86387652956,37.5272857350797
531,1257341690,위넌스터디카페 등촌역점,서울 양천구 목동 614-9,126.863567147649,37.5480732431337
532,502287468,초심스터디카페 오목교점,서울 양천구 목동 404-137,126.875436153407,37.5232475891324
533,247663431,데어스터디카페,서울 양천구 신정동 323-7,126.861200804605,37.5157822294097
534,182910871,하베르스터디카페,서울 양천구 신정동 988-1,126.860363907668,37.5254183633582
535,1967322215,올탑스터디카페 목동등촌로점,서울 양천구 목동 709-1,126.863137844372,37.5427316271357
536,840001601,다옴스터디카페 양천신월점,서울 양천구 신월동 558-7,126.840659202687,37.5158860488438
537,339875260,피치스터디카페,서울 양천구 목동 408-40,126.8693833316828,37.52492051773891
538,432443883,비에이블스터디카페 목동오목교역센터,서울 양천구 목동 405-179,126.873289150442,37.5245247279412
539,77867161,비에이블스터디카페 목동센터,서울 양천구 목동 753-7,126.872221491436,37.5376385451549
540,1243362903,초심스터디카페 목동중앙점,서울 양천구 목동 752-10,126.872619465514,37.5378155710598
541,368931499,골든스터디카페 신정뉴타운점,서울 양천구 신월동 550-10,126.842424700516,37.5175967184315
542,1789856314,스터디카페엘로이 염창역점,서울 양천구 목동 514,126.873957918139,37.5465963424786
543,1601834192,시작스터디카페 신월점,서울 양천구 신월동 442-4,126.84184055839881,37.52210365166336
544,1459948297,르하임스터디카페 목동파리공원점,서울 양천구 목동 908-29,126.88167172842,37.5374790044758
545,714218100,미가람스터디카페 양천점,서울 양천구 신월동 564-1,126.84211874229953,37.5146338127512
546,1109097434,로웰클래스스터디카페 목동신목점,서울 양천구 목동 748-7,126.868797362989,37.5391124299221
547,1648673159,지니24스터디카페 목동점,서울 양천구 신정동 318-17,126.869570012933,37.5216590969689
548,2104834708,위넌스터디카페 목동역점,서울 양천구 목동 808-7,126.864374257223,37.5279368306032
549,1476674540,르하임스터디카페 신정네거리역점,서울 양천구 신정동 1031-3,126.853033738888,37.5205404554411
550,1665021735,랭스터디카페 오목교점,서울 양천구 신정동 86-28,126.87425190381475,37.52247507643944
551,1178008573,작심스터디카페 서울신월점,서울 양천구 신월동 49-10,126.827642203925,37.5360033437766
552,381840832,우행공스터디카페,서울 양천구 신정동 1282-2,126.839340628248,37.5125667695469
553,1366168699,시작스터디카페 신정네거리역점,서울 양천구 신정동 1182-6,126.853286643257,37.5184774744311
554,2053855031,어라운드스터디카페 목동점,서울 양천구 신정동 337,126.86677477419,37.5089266045275
555,258245103,탑스터디카페,서울 양천구 신월동 606-8,126.845928848125,37.520989110088
556,1174280734,초심스터디카페 목동점,서울 양천구 목동 923,126.870617856287,37.5280177176707
557,1071898139,위즈스터디카페 등촌점,서울 양천구 목동 960,126.864484299703,37.5490257532079
558,568772708,공간샘스터디카페 목동점,서울 양천구 신정동 294-58,126.871298709498,37.5189147379417
559,1361729351,비에이블스터디카페 목동남부지원센터,서울 양천구 신정동 1018-1,126.859904783404,37.5216948801146
560,1088296047,지니24스터디카페 양천구청점,서울 양천구 신정동 323-32,126.86162752057,37.5150186794633
561,1299490410,스텝업스터디카페 목동센터,서울 양천구 신정동 295-55,126.873569331806,37.5180414156591
562,1593435321,플랜에이스터디카페 등촌센터,서울 양천구 목동 602-15,126.867580939655,37.5487517591239
563,1109995257,합격스터디카페,서울 양천구 신월동 992-4,126.837096235138,37.5189590131387
564,1667404259,초심스터디카페 양천구청점,서울 양천구 신정동 323-32,126.861618411723,37.515051104905
565,610044227,이제마스터디카페 목동점,서울 양천구 신정동 128-113,126.873957475315,37.5186229772748
566,1080163351,포텐스터디카페 목동신정점,서울 양천구 신정동 318-6,126.869077046574,37.5215179952031
567,1811810311,르하임스터디카페 목동양천구청점,서울 양천구 신정동 321-6,126.86530616446005,37.51740518361339
568,1973330208,랭스터디카페 우장산역점,서울 강서구 화곡동 1006-10,126.83599602852,37.5471786159435
569,1611950210,작심스터디카페 서울발산점,서울 강서구 내발산동 669,126.83728704115059,37.554536144787896
570,69161165,하운스스터디카페 서울발산센터,서울 강서구 내발산동 666-4,126.83747468747019,37.55515809101754
571,1288110346,르하임스터디카페 등촌점,서울 강서구 등촌동 698-1,126.846598793591,37.5606231281061
572,1079986806,플라타너스 스터디카페,서울 강서구 염창동 266-6,126.871014285587,37.5507359529355
573,1500225009,패스스터디카페 화곡역점,서울 강서구 화곡동 1062-1,126.840602200346,37.5426781299212
574,2070879469,인토스터디카페 까치산역점,서울 강서구 화곡동 896-13,126.849257981593,37.5305584365009
575,415390319,곰달래스터디카페,서울 강서구 화곡동 897-22,126.848868832352,37.5305399191365
576,2007077888,열공다방스터디카페 까치산역점,서울 강서구 화곡동 353-55,126.84237494349,37.5326451773484
577,1237800142,비에이블스터디카페 화곡센터,서울 강서구 화곡동 1014-18,126.835487329449,37.5448803631032
578,2031805165,오리진스터디카페 발산센터,서울 강서구 내발산동 657,126.8380794107163,37.55707444065337
579,785913047,셀독24스터디카페 화곡점,서울 강서구 화곡동 1031,126.838267896133,37.5442210694095
580,1270072221,감자스터디카페 6호점,서울 강서구 화곡동 969-12,126.850285688042,37.5484499855766
581,1572170651,하이레브,서울 강서구 마곡동 365-19,126.825425565238,37.568089999761
582,37999956,타임스터디카페 마곡점,서울 강서구 마곡동 730-687,126.824727981416,37.5585636433706
583,349813583,이지스터디카페,서울 강서구 가양동 1458-5,126.84309674865293,37.570442977995846
584,874969112,24시스터디카페 스터디고 가양역점,서울 강서구 가양동 1480,126.852505944906,37.5633768907589
585,284875853,지니24 스터디카페 등촌점,서울 강서구 등촌동 721,126.8632208804863,37.53568050155672
586,694612393,비트스터디카페,서울 강서구 등촌동 656-5,126.853353463433,37.5571466571756
587,1920974479,시작스터디카페 화곡역점,서울 강서구 화곡동 1065-1,126.838498055512,37.5413886446677
588,1946805705,이루다스터디 카페 본점,서울 강서구 화곡동 391-60,126.849640886447,37.5308697698345
589,826809740,초심스터디카페 등촌역점,서울 강서구 염창동 275-8,126.868520106665,37.5500898895668
590,485747730,르하임스터디카페 강서마곡점,서울 강서구 내발산동 750-5,126.826167882395,37.5525975709743
591,741207115,르하임스터디카페 화곡역점,서울 강서구 화곡동 1065-8,126.838767193475,37.5414646963511
592,37279561,작심스터디카페 서울신방화역점,서울 강서구 방화동 245-31,126.816329227287,37.5686330130504
593,1448190217,작심스터디카페 서울가양역점,서울 강서구 등촌동 628-11,126.855984225328,37.5603862744058
594,1445470277,하우스터디 등촌스터디카페,서울 강서구 등촌동 513-21,126.862006680752,37.5449828075432
595,264690579,비에이블스터디카페 발산센터,서울 강서구 등촌동 699-2,126.846097775785,37.5598908672766
596,1436582856,기본스터디카페 염창점,서울 강서구 염창동 242-29,126.867311848926,37.5543628701817
597,1895976777,열두달스터디카페,서울 강서구 화곡동 1099-13,126.849889244945,37.5542789358681
598,2005841157,플랜트스터디카페 까치산역점,서울 강서구 화곡동 345-12,126.8440176281,37.5305155914202
599,1954501508,어라운드스터디카페 화곡점,서울 강서구 화곡동 1051-17,126.839106443227,37.5426139324999
600,1762961734,작심스터디카페 마곡1호점,서울 강서구 마곡동 730-263,126.82034894422935,37.56146817894617
601,1673220086,위더스 스터디카페,서울 강서구 방화동 575-6,126.812087492572,37.5723915919724
602,1467925588,더오르다 스터디카페 발산센터,서울 강서구 내발산동 677-4,126.836979790384,37.5537518536744
603,234777780,초심스터디카페 강서화곡점,서울 강서구 화곡동 1008-26,126.8345395313,37.5477442126901
604,220428884,그루스터디카페 우장산역센터,서울 강서구 화곡동 84-5,126.843499594294,37.5472374531951
605,1831863082,어라운드스터디카페 발산점,서울 강서구 내발산동 689-3,126.83081161480962,37.55291606120371
606,2061897980,감자 까치산역점,서울 강서구 화곡동 398-19,126.847730367814,37.5345929581873
607,1466392161,기본스터디카페 마곡점,서울 강서구 마곡동 798-17,126.82570603688,37.5584785956089
608,587873402,르하임스터디카페 염창점,서울 강서구 염창동 282-34,126.87386600583,37.5474179548471
609,248352144,초심스터디카페 등촌점,서울 강서구 등촌동 664-1,126.844883436725,37.5582134251261
610,1358405770,엘림스터디카페 신방화역점,서울 강서구 마곡동 739-3,126.818595634014,37.5671174404507
611,1301741676,비허밍스터디카페 서울화곡점,서울 강서구 화곡동 1032-27,126.837620827898,37.5441354875392
612,797949348,시그니처24스터디카페,서울 강서구 화곡동 860-15,126.854608843633,37.5313751446982
613,1705428501,스페이스365 스터디카페,서울 구로구 고척동 52-49,126.86452827756,37.5021917429421
614,1314467326,스터디카페공간 구로,서울 구로구 구로동 23-7,126.889968090399,37.5032525320893
615,1135171801,골든스터디카페 신도림점,서울 구로구 신도림동 375-1,126.885199363671,37.509594670888
616,1594725346,아이블스터디카페 구로대림점,서울 구로구 구로동 144-10,126.892160531807,37.4902034789734
617,2000816124,엘더스터디카페 오류동점,서울 구로구 오류동 156-100,126.841087629678,37.4909360039192
618,1794050835,홀릭스터디카페 구로점,서울 구로구 구로동 569-25,126.883170888349,37.5019449536807
619,1506856664,작심스터디카페 오류동역점,서울 구로구 개봉동 70-16,126.846677692521,37.4977730173898
620,91273279,지공스터디카페 개봉점,서울 구로구 개봉동 63-35,126.845245577733,37.5012760607982
621,430720677,타임스터디카페,서울 구로구 신도림동 435-10,126.884036324395,37.5068833136399
622,2032076708,원스스터디카페,서울 구로구 구로동 313-119,126.890954762733,37.4896951051391
623,275879337,노벨스터디카페 고척점,서울 구로구 고척동 189,126.859570874068,37.5067089975579
624,1591051834,스터디고 개봉점,서울 구로구 개봉동 403-222,126.856337165136,37.4926413151752
625,763894251,스터디카페오늘,서울 구로구 구로동 22-1,126.888536054661,37.5049486830534
626,1821244505,탑24스터디카페,서울 구로구 항동 123,126.823660386213,37.4803514728811
627,278751365,작심스터디카페 서울신도림점,서울 구로구 신도림동 397-2,126.87880242304206,37.50665821444259
628,1049789743,마스터플랜 스터디카페 구로역점,서울 구로구 구로동 552-8,126.887170603835,37.5044428239602
629,2022041654,하운스스터디카페 고척센터,서울 구로구 고척동 76-160,126.86390090662337,37.49766797433791
630,1606634610,이제마스터디카페 고척점,서울 구로구 고척동 194-27,126.858518250023,37.5059328776722
631,1199934152,위넌스터디카페 고척점,서울 구로구 고척동 72-7,126.861907558402,37.4968592608134
632,80523694,지니24스터디카페 개봉점,서울 구로구 개봉동 403-160,126.85650050591946,37.48823829322511
633,1280667107,위너스터디카페,서울 구로구 신도림동 437-1,126.883383412221,37.5063654942154
634,957879776,위넌스터디카페 구로수궁점,서울 구로구 궁동 279,126.829422889333,37.4988197573427
635,1617683888,코코스터디카페독서실 고척점,서울 구로구 고척동 260-34,126.850109393308,37.5030969564165
636,1734811918,기본스터디카페 신도림점,서울 구로구 신도림동 375-1,126.885113504157,37.5095297151099
637,1658032497,아이센스T&C 본사,서울 구로구 구로동 191-7,126.895511548858,37.4857059573699
638,1277473917,에이스터디카페,서울 구로구 천왕동 277-12,126.839693880653,37.4806590328884
639,253729346,지니24스터디카페 신도림점,서울 구로구 신도림동 400-1,126.877183624811,37.5061772080012
640,1810797459,이은스터디카페 신도림센터,서울 구로구 신도림동 309-6,126.88446171930872,37.511195936897614
641,211552675,지공스터디카페 개봉2호점,서울 구로구 개봉동 361-1,126.853440692837,37.485969404734
642,1789136801,그루스터디카페 구일센터,서울 구로구 구로동 685-216,126.875863920914,37.4917345086418
643,1765400166,탑스터디카페,서울 구로구 궁동 279-8,126.829375525361,37.4977673147035
644,846178905,탑24스터디카페,서울 구로구 천왕동 277-12,126.839785626636,37.4805807696197
645,1124639721,KJ스터디카페 개봉점,서울 구로구 개봉동 403-95,126.85620649717373,37.48648007048358
646,640374900,큐브스터디카페24,서울 구로구 고척동 160-6,126.855734558556,37.5049329997639
647,1179966214,기본스터디카페 고척점,서울 구로구 고척동 192,126.859281495198,37.5066257607809
648,627250864,숲에서스터디카페,서울 구로구 개봉동 156-5,126.855600524798,37.4975995548026
649,837075853,그로우랩 스터디카페 고척스카이점,서울 구로구 고척동 76-37,126.86346626843935,37.49788101118174
650,423212441,기본스터디카페 항동점,서울 구로구 항동 128-14,126.824495530093,37.4809924320065
651,2052958912,오늘스터디카페,서울 구로구 천왕동 14-78,126.839532725517,37.4862306459387
652,629785623,로블스터디카페 구로지점,서울 구로구 구로동 111-41,126.888602902231,37.500300459875
653,1822802444,미니스터디카페,서울 구로구 신도림동 437-1,126.883427480197,37.5063916668474
654,1909926680,지운스터디카페 구일역점,서울 구로구 구로동 650-4,126.872265430304,37.4959401750485
655,370795877,플랜트스터디카페,서울 구로구 개봉동 130-21,126.848774421234,37.5010824098276
656,126754820,예스터디카페,서울 구로구 항동 122,126.823167180515,37.479984025494
657,238406997,스페스스터디카페,서울 구로구 고척동 303,126.856236294827,37.502199962773
658,399746055,페이지스터디카페24,서울 금천구 독산동 901-14,126.9094841632,37.4803582901907
659,1730147307,화이트펜슬 스터디카페 가산점,서울 금천구 가산동 152-30,126.892319513822,37.4755505255633
660,2029820672,데일리스터디카페 독산점,서울 금천구 독산동 973-2,126.903357022699,37.4762952924244
661,110363099,썬스터디카페 독산점,서울 금천구 독산동 192-2,126.902804793671,37.4697174670982
662,1726502481,가산스터디카페 또바기비즈,서울 금천구 가산동 60-18,126.88579931082921,37.47956290423835
663,2143823084,지공스터디카페 독산점,서울 금천구 독산동 331-4,126.89400396004999,37.46757270344804
664,656824280,비에이블스터디카페 시흥센터,서울 금천구 시흥동 890-13,126.902240808131,37.451404837818
665,299862974,포텐스터디카페 금천롯데캐슬점,서울 금천구 독산동 1155,126.8966463648319,37.45971462155303
666,957433836,초심스터디카페 시흥힐스테이트점,서울 금천구 시흥동 985-1,126.902309444888,37.4472926688472
667,557615258,화이트펜슬 스터디카페 금천점,서울 금천구 가산동 772,126.893680818697,37.4754445381733
668,986389265,엘알마 스터디카페 금천시흥점,서울 금천구 시흥동 830-22,126.910075467276,37.4511011101152
669,864275434,그루스터디카페 독산역센터,서울 금천구 독산동 1005,126.89080696817771,37.46460186267887
670,1778683099,플랜트스터디카페 금천은행나무라운지,서울 금천구 시흥동 259-5,126.911319032809,37.4507704768559
671,332994711,퍼플스터디카페 금천센터,서울 금천구 시흥동 987-2,126.901994410547,37.4496891043524
672,156069391,어반스터디카페 금천시흥점,서울 금천구 시흥동 272-20,126.910266203512,37.4503732362873
673,1785953233,아이블스터디카페,서울 금천구 독산동 146-14,126.898165562011,37.4754827267686
674,76402907,그린 스터디카페 시흥삼익점,서울 금천구 시흥동 794-11,126.909291030082,37.4624190289194
675,598438577,기본스터디카페 금천시흥점,서울 금천구 시흥동 264-14,126.913155035165,37.4502240240734
676,1226136906,소원스터디카페,서울 금천구 시흥동 1031,126.89577903467988,37.455929608666395
677,205873070,시작스터디카페 금천구청역점,서울 금천구 독산동 1150,126.893709871133,37.4581199287035
678,545678455,포텐스터디카페 시흥사거리점,서울 금천구 시흥동 889-19,126.90184607992835,37.45250014261153
679,1447639739,그로우랩 스터디카페 금천롯데캐슬점,서울 금천구 독산동 1155,126.89661251079,37.4596749474168
680,561576536,비온탑스터디카페 금천시흥점,서울 금천구 시흥동 936-1,126.903537851502,37.448183879419
681,1615877802,포텐스터디카페 금천시흥점,서울 금천구 시흥동 492-49,126.900701215207,37.4465092485662
682,1983554737,파티앤스터디 금천구청,서울 금천구 독산동 1150,126.893895403624,37.4580002608129
683,1296602968,해리스터디카페,서울 금천구 시흥동 890-3,126.901873618539,37.452183008881
684,1333479721,심다스터디카페,서울 금천구 독산동 901-15,126.909333867598,37.4802969063553
685,1698162225,서이스터디,서울 금천구 독산동 1156,126.896264825836,37.4609901199628
686,789121037,포텐스터디카페 광명소하점,경기 광명시 소하동 35-9,126.891556541143,37.451196393326
687,6646985,타임스터디카페 광명소하점,경기 광명시 소하동 48-56,126.886888299487,37.4546492040632
688,308279932,작심스터디카페 광명하안점,경기 광명시 하안동 200-1,126.882875385684,37.4594206598513
689,2066509315,원스스터디카페 광명소하점,경기 광명시 소하동 1365,126.892219225466,37.4477596332902
690,1774191490,어라운드스터디카페 광명소하점,경기 광명시 소하동 1341-2,126.883414146518,37.4472899567061
691,1213741058,어라운드스터디카페 광명하안점,경기 광명시 하안동 52-1,126.87958635163,37.4607724759412
692,1850529145,타임유스터디카페 하안점,경기 광명시 하안동 36-4,126.879733332158,37.4621583812939
693,1465163055,블루문스터디카페 하안점,경기 광명시 하안동 53,126.88043521861806,37.46218702487804
694,1006281034,르하임스터디카페 광명하안점,경기 광명시 하안동 34-5,126.879293906283,37.4626931340085
695,1693551718,집중소스터디카페 광명1하임,경기 광명시 하안동 52-2,126.879744433843,37.4608726491985
696,272154769,르하임스터디카페 광명소하점,경기 광명시 소하동 1339-1,126.884019340424,37.4476401454387
697,1863149163,공간샘스터디카페 하안동점,경기 광명시 하안동 52-3,126.879925125474,37.4609710431947
698,78107990,비에이블스터디카페 광명하안센터,경기 광명시 하안동 33-3,126.879741119312,37.4629422690755
699,1629073040,원스스터디카페 광명하안점,경기 광명시 하안동 296-3,126.87784726025,37.4611923645243
700,1938121394,플랜24스터디카페 광명소하센터,경기 광명시 소하동 1339,126.883987241117,37.4479356464029
701,883334640,마이스터디카페 하안센터,경기 광명시 하안동 37-5,126.879666046993,37.4618249385747
702,1182252687,올티칭스터디카페,경기 광명시 하안동 37-4,126.879496643808,37.4617346648099
703,287382313,플랜에이스터디카페 당산센터,서울 영등포구 당산동5가 42,126.903510431352,37.5328046554106
704,1041442754,엘더스터디카페 영등포점,서울 영등포구 영등포동 618-271,126.905005530386,37.5136487576375
705,1288107607,르하임스터디카페 여의도점,서울 영등포구 여의도동 44-37,126.930776228546,37.5188997001523
706,1401629579,우행공스터디카페 당산점,서울 영등포구 당산동4가 32-11,126.900257565116,37.5286447339555
707,324967240,작심스터디카페 서울문래점,서울 영등포구 문래동3가 82-8,126.890966381136,37.51981030607
708,161210778,타임스터디카페 영등포점,서울 영등포구 도림동 114-6,126.904997059776,37.5096230648494
709,1203509504,타임스터디카페 당산점,서울 영등포구 영등포동8가 35-1,126.905038917006,37.5265763716167
710,1056318556,바짝스터디카페 양평센터,서울 영등포구 양평동3가 77-53,126.894475632034,37.5300488752379
711,100195035,작심스터디카페 신풍역점,서울 영등포구 신길동 3741-57,126.912184597863,37.4991958880277
712,1601428599,숲에서 스터디카페,서울 영등포구 신길동 4672,126.908730684642,37.4956388005007
713,1894613118,올탑스터디카페 보라매점,서울 영등포구 신길동 508,126.91890331497603,37.50011521240279
714,1910996310,작심스터디카페 여의도점,서울 영등포구 여의도동 44-37,126.930730954672,37.5189285057073
715,1711216126,쓸만한공간,서울 영등포구 신길동 4239,126.918644725828,37.498716673324
716,457175171,이룸스터디룸회의실 여의도점,서울 영등포구 여의도동 44-34,126.930273498121,37.5194219861922
717,981082120,원스스터디카페 신길점,서울 영등포구 신길동 324-38,126.906478900883,37.5058544439978
718,1986322793,르하임스터디카페 영등포문래점,서울 영등포구 문래동3가 77-58,126.889308060388,37.5182716528229
719,814920365,르하임스터디카페 선유도역점,서울 영등포구 양평동4가 65-1,126.896735467821,37.5362281334597
720,1104181497,비허밍스터디카페 여의도점,서울 영등포구 여의도동 43-3,126.931299288897,37.5208713999322
721,2065169544,타임스터디카페 보라매점,서울 영등포구 신길동 4507,126.912752191378,37.4973465430305
722,1627906896,아인스스터디카페,서울 영등포구 신길동 115-30,126.91703888273,37.5109800384505
723,1932111802,숲에서스터디카페 병무청점,서울 영등포구 신길동 878,126.921889638456,37.5059052837222
724,798039241,비에이블스터디카페 선유도역센터,서울 영등포구 양평동5가 90-2,126.893400159672,37.5392777576782
725,1649178484,나의 봄날,서울 영등포구 당산동 121-17,126.907715578909,37.5284021207234
726,1613671564,지니24스터디카페 당산점,서울 영등포구 당산동4가 32-49,126.89897994124254,37.5297464736161
727,1638256034,마루스터디카페,서울 영등포구 신길동 355-497,126.903171483522,37.5035524142591
728,957720451,비에이블스터디카페 문래센터,서울 영등포구 문래동6가 5-2,126.88911883034773,37.51925537040579
729,496778449,스터디카페오늘 신길점,서울 영등포구 신길동 110-71,126.917317417857,37.5127642217985
730,455950432,더탑스터디룸,서울 영등포구 여의도동 44-34,126.93027349812056,37.51942198619223
731,378192125,공간아무,서울 영등포구 양평동1가 212-4,126.888553627532,37.5235562239467
732,1346002870,더탑스터디카페,서울 영등포구 여의도동 43-3,126.931290245824,37.5208641866496
733,1491972924,숲에서 스터디카페,서울 영등포구 도림동 251-8,126.900079141756,37.5063429545705
734,461602912,높은공간스터디카페,서울 영등포구 양평동2가 6-2,126.884944455889,37.5223958764215
735,467842251,지니24스터디카페 신길점,서울 영등포구 신길동 232-17,126.911211808978,37.5070294025607
736,1472224149,로뎀스터디카페,서울 영등포구 양평동2가 29-23,126.885223634958,37.5232881401946
737,794730536,오션스터디카페 신길점,서울 영등포구 신길동 4035-2,126.916359118852,37.4998251165627
738,655626135,알씨디스페이스 대림점,서울 영등포구 대림동 651,126.896688438852,37.5030531714298
739,1316010572,기웅 스터디카페,서울 영등포구 신길동 162-11,126.915951799608,37.5121073270872
740,1404802248,드림스터디카페,서울 영등포구 문래동3가 77-9,126.889466770823,37.5172698861516
741,656679437,스터디카페 루체,서울 영등포구 대림동 670,126.900161529965,37.502227232876
742,410324782,아레아스터디카페,서울 영등포구 여의도동 43-3,126.931298156861,37.5208723002765
743,988272302,아자스터디카페,서울 영등포구 문래동6가 19,126.887132433503,37.5177758442523
744,1226534708,청소년스터디카페,서울 영등포구 신길동 107-2,126.917046369933,37.5134127545474
745,498559635,리프트업스터디카페,서울 영등포구 양평동3가 23-4,126.886110687143,37.5261631948979
746,532928718,지공스터디 카페 신길점,서울 영등포구 신길동 4939,126.915793779973,37.5027502803621
747,1991077399,플라이스터디카페 신길점,서울 영등포구 신길동 245-8,126.914283581034,37.5050764907929
748,829379090,플랜에이스터디카페 노량진제1센터,서울 동작구 노량진동 72-30,126.94234608126341,37.512847566334585
749,1837578600,셀스스터디룸 사당점,서울 동작구 사당동 1019-46,126.981494168923,37.4810402387699
750,1613804207,르하임스터디카페독서실 상도점,서울 동작구 노량진동 310-64,126.93995000222355,37.506325802713526
751,210605553,르하임스터디카페 대방역점,서울 동작구 대방동 341-4,126.925511787598,37.5119948101101
752,60622285,열공다방스터디카페 신대방사거리점,서울 동작구 신대방동 344-15,126.927683846712,37.4975188081485
753,933209517,24시사계스터디카페 이수역점,서울 동작구 사당동 91-129,126.980406770835,37.4887454874761
754,1298307594,랭스터디카페 노량진점,서울 동작구 노량진동 112-5,126.94361431365496,37.51397803751894
755,689436258,위넌스터디카페 보라매점,서울 동작구 대방동 402-12,126.923904642165,37.4996247886336
756,676334168,작심스터디카페 노량진3호점,서울 동작구 노량진동 37-6,126.93847023950012,37.51235636573552
757,1891049330,미완성 디저트&스터디카페 상도동점,서울 동작구 상도동 315-38,126.932029185686,37.499373856956
758,2055163932,플렉스24,서울 동작구 노량진동 84-101,126.941753810502,37.5123066733129
759,1770909009,시작스터디카페 신대방점,서울 동작구 신대방동 692-17,126.910742170099,37.4873060213106
760,453695603,어라운드스터디카페 상도점,서울 동작구 상도동 27-14,126.9429130578,37.50502712142
761,1498810052,지니24스터디카페 장승배기역점,서울 동작구 상도동 188-4,126.936251133387,37.5029550057527
762,267637710,더공간스터디카페 노량진2호점,서울 동작구 노량진동 59-29,126.941854757169,37.5134032449633
763,1263629259,위넌스터디카페 중앙대점,서울 동작구 흑석동 223-1,126.959980489678,37.5072686292722
764,1733565233,썬스터디카페 대방점,서울 동작구 대방동 23-147,126.932176089288,37.5119988247294
765,1877142772,이은스터디카페 숭실대센터,서울 동작구 상도동 490,126.953011381919,37.4962017116308
766,1709082967,더공간스터디카페 노량진1호점,서울 동작구 노량진동 119-143,126.944432371389,37.5120917227798
767,582890431,엘알마스터디카페 이수역점,서울 동작구 사당동 144-18,126.980251705403,37.4850423183025
768,911369063,공간샘스터디카페 신대방삼거리역점,서울 동작구 대방동 393-67,126.928649471013,37.5000314003967
769,37270576,데일리스터디카페 신대방삼거리점,서울 동작구 상도동 324-72,126.929240767868,37.4990046091894
770,1973072012,율곡스터디카페,서울 동작구 대방동 389-12,126.922009551533,37.5037033063102
771,1006229391,위넌스터디카페 노량진점,서울 동작구 노량진동 148-88,126.945684634378,37.5134329993046
772,1117637010,스터디하랑 상도점,서울 동작구 상도1동 765,126.948755023171,37.502647541793
773,1868898886,제일스터디카페,서울 동작구 노량진동 83-10,126.942714230742,37.5121341502093
774,1471940654,스터디카페 특별,서울 동작구 노량진동 194-3,126.948648586279,37.512742353964
775,411485328,플랜트스터디카페 보라매라운지,서울 동작구 신대방동 498-9,126.916358060419,37.496718446646
776,2072304106,초월스터디카페 노량진점,서울 동작구 노량진동 117-2,126.944768500489,37.513356890144
777,608939640,위넌스터디카페 숭실대점,서울 동작구 상도동 485-1,126.953652987719,37.4973516494324
778,2032351628,그루스터디카페 노량진센터,서울 동작구 노량진동 56-17,126.940902967428,37.5126486322419
779,103159708,희소비전스터디카페,서울 동작구 노량진동 205-28,126.94663584372,37.5119071319558
780,411979028,24시사계스터디카페 남성역점 1관,서울 동작구 사당동 254-6,126.9719936613146,37.48403872798635
781,2049294335,8길3스터디카페,서울 동작구 상도동 299,126.93078115201192,37.49641963370713
782,551042119,본스터디카페,서울 동작구 신대방동 713,126.914397446697,37.4944969621374
783,22959494,합격스터디룸,서울 동작구 노량진동 148-57,126.945232358316,37.5132093414769
784,1726946137,작심스터디카페 노량진2호점,서울 동작구 노량진동 148-23,126.94626169093364,37.51315935803563
785,132476034,공부하기좋은카페오늘,서울 동작구 상도동 509-2,126.960566240531,37.4945754547381
786,23923494,손스스터디카페,서울 동작구 노량진동 148-87,126.945327159976,37.5134977066679
787,1546929082,어반트리 서울대방센터,서울 동작구 대방동 500,126.92446921536923,37.50947133606107
788,2070834814,안녕스터디카페,서울 동작구 상도동 210-23,126.943443488514,37.4975238001325
789,812839131,랭스터디카페 숭실대점,서울 동작구 상도동 488,126.953535709184,37.496818207519
790,1115408757,초심스터디카페 노량진역점,서울 동작구 노량진동 148-5,126.946186927446,37.5133142966858
791,387954425,새롬스터디카페 이수점,서울 동작구 사당동 120-1,126.978131831166,37.4884639738471
792,1293232139,플랜에이스터디카페 서울대입구역센터,서울 관악구 봉천동 874-6,126.949924707602,37.4818780250069
793,1673466281,작심스터디카페 서울대입구역점,서울 관악구 봉천동 852-4,126.953848444765,37.4811047551729
794,1865958474,랭스터디카페 신림점,서울 관악구 신림동 1428-23,126.92893803437,37.4879013188816
795,895687941,랭스터디카페 서울대입구역점,서울 관악구 봉천동 1568-2,126.950507739787,37.4790094579241
796,1972743739,히든스페이스,서울 관악구 봉천동 1601-13,126.955083699779,37.480056456713
797,709903063,열공다방 스터디카페 신림점,서울 관악구 신림동 487-6,126.920904631267,37.4833109836323
798,1763580457,스터디룸위드 사당점,서울 관악구 남현동 1061-17,126.981400776028,37.4746718889662
799,1720742820,삶은계란 스터디라운지,서울 관악구 신림동 1638-7,126.929154367434,37.4827233547285
800,588999164,공간샘스터디카페 봉천2호점,서울 관악구 봉천동 888-12,126.947211065856,37.4853006761843
801,1605144043,스페이스액트 신림스터디카페,서울 관악구 신림동 1638-32,126.92854385033407,37.482695956817665
802,1969479767,집중소 신림4하임 스터디카페,서울 관악구 신림동 1561,126.934413989841,37.4673065098569
803,1126229038,몽땅연필스터디카페 낙성대점,서울 관악구 봉천동 1685-15,126.96160596922,37.4781125761021
804,91979154,초심스터디카페 신림점,서울 관악구 신림동 1522-4,126.93498149357,37.4698692981175
805,580698675,지니24스터디카페 난곡점,서울 관악구 신림동 706-48,126.919136928981,37.4722381848928
806,1191288930,청스터디카페,서울 관악구 신림동 1443-33,126.926574480345,37.4894270816115
807,638525113,더포도 스터디카페,서울 관악구 남현동 1062-10,126.98038310582609,37.475464613128906
808,1325477429,아이비스터디카페,서울 관악구 신림동 1533-3,126.934633615751,37.4695267221623
809,2046983171,르하임스터디카페 신림대학동점,서울 관악구 신림동 241-111,126.938508899002,37.4693486001896
810,1773684991,거북이의기적,서울 관악구 신림동 1637-5,126.929630104451,37.4817956001104
811,1277918660,비에이블스터디카페 서울대학교센터,서울 관악구 봉천동 1562-34,126.945727514838,37.4791947688361
812,1611197599,초월 스터디카페,서울 관악구 신림동 241-112,126.938730484588,37.469323486991
813,1569004007,집중소스터디카페,서울 관악구 신림동 241-22,126.939072195607,37.4703219834261
814,1364536298,포인트스터디카페 서울대점,서울 관악구 신림동 1532,126.933814928895,37.4698109858014
815,1857604071,플랜트스터디카페 관악쑥고개라운지,서울 관악구 봉천동 1562-18,126.945266224203,37.4792125762346
816,958617427,르하임스터디카페 서울대점,서울 관악구 봉천동 1666-47,126.955020023513,37.4806619105751
817,802264112,셀독24스터디카페 서울대입구점,서울 관악구 봉천동 851-4,126.95419674153533,37.48284473871175
818,1623837131,감성스터디카페 서울대입구점,서울 관악구 봉천동 1540-33,126.943841577182,37.4793632772413
819,98345241,더공간스터디카페 신림대학동점,서울 관악구 신림동 1544,126.936162802267,37.4685436544749
820,531829278,프렌즈스터디카페 신림센터,서울 관악구 신림동 123-1,126.93836187452,37.4721849045128
821,632768407,위넌스터디카페 대학동1호점,서울 관악구 신림동 241-67,126.938992463929,37.4696696106291
822,1403935662,스터디카페 U 사당점,서울 관악구 남현동 1060-17,126.980170381189,37.476167365272
823,1564664611,스터디카페수,서울 관악구 봉천동 1598-18,126.952592720612,37.478705771735
824,352505376,꿈그림스터디카페,서울 관악구 봉천동 37-31,126.95743636030741,37.48622743480497
825,90641502,비에이블스터디카페 관악성현센터,서울 관악구 봉천동 899-4,126.9467537952,37.4859744251392
826,2059590851,위넌스터디카페 서울대입구점,서울 관악구 봉천동 1599-2,126.953564331456,37.4798107948787
827,423709236,리움스터디카페,서울 관악구 신림동 1641-22,126.930183969549,37.4819454961337
828,783680137,비에이블스터디카페 샤로수길센터,서울 관악구 신림동 1518-19,126.936668477058,37.469437729209
829,1420722892,셀독24스터디카페 신림대학점,서울 관악구 신림동 1517-17,126.937600057324,37.4693156873693
830,1503555168,위넌스터디카페 봉천현대시장점,서울 관악구 봉천동 498-3,126.946427147997,37.4873888601292
831,1111724170,아이블스터디카페 난곡점,서울 관악구 신림동 1476-12,126.914967585155,37.4783513115667
832,1755337878,베리타스 스터디카페,서울 관악구 신림동 1514-7,126.934275206706,37.4708870492493
833,1538488227,모어댄스터디카페 낙성대1호점,서울 관악구 봉천동 196-45,126.965126282086,37.4738284651578
834,274484002,책상숲스터디카페 낙성대점,서울 관악구 봉천동 180-130,126.96699008966958,37.47214411143061
835,1443827423,어라운드스터디카페 서울대점,서울 관악구 신림동 238-10,126.939533451182,37.4702816748823
836,1377396679,하우스터디 낙성대 스터디카페,서울 관악구 봉천동 1686-23,126.963446859035,37.4774392048554
837,118519786,플랜에이스터디카페 서초교대센터,서울 서초구 서초동 1691-2,127.015695735359,37.4947251545286
838,153694103,강남역 스터디룸 스터디카페 윙스터디,서울 서초구 서초동 1316-28,127.025313352798,37.4981401024719
839,1194099922,그레이프라운지 강남,서울 서초구 서초동 1308-24,127.024558767416,37.5006883072668
840,888914779,강남역 공간이즈,서울 서초구 서초동 1330-16,127.028450999005,37.4938073482111
841,157488190,에스랩스터디카페 2호점1관,서울 서초구 서초동 1302-39,127.02314804586942,37.50279334176511
842,1154851251,작심스터디카페 서울교대점,서울 서초구 서초동 1656-13,127.014596075201,37.492123186937
843,851328121,에스랩 스터디카페 & 스터디룸 1호점,서울 서초구 서초동 1337-6,127.029309414767,37.4912626939285
844,1915605140,더공간스터디카페 교대역점,서울 서초구 서초동 1658-6,127.014872029192,37.4923466023329
845,1746466540,랭스터디카페 사당역점,서울 서초구 방배동 449-4,126.984384851207,37.476993322274
846,374155591,비에이블스터디카페 방배센터,서울 서초구 방배동 761-4,126.9855026955,37.4959398648814
847,1963501431,디딤스터디카페 서초점,서울 서초구 서초동 1530-17,127.009719265454,37.4851967403994
848,1320398306,에스랩스터디카페 강남2호점 2관,서울 서초구 서초동 1303-16,127.023903493086,37.5027319229299
849,1222665829,핵심스터디카페,서울 서초구 방배동 443-5,126.982204821476,37.4783868757975
850,147510078,비에이블스터디카페 반포센터,서울 서초구 반포동 53-3,127.01045869082,37.5011661282418
851,808422229,작심스터디카페 서울반포점,서울 서초구 반포동 52-6,127.011553491992,37.5016633815006
852,840402333,작심스터디카페 양재시민의숲점,서울 서초구 양재동 327-3,127.040898999053,37.4691412790466
853,676171363,공존24시스터디라운지 교대점,서울 서초구 서초동 1576-6,127.013921853595,37.4906239919349
854,1442382250,어라운드스터디카페 방배카페골목점,서울 서초구 방배동 777-20,126.986649900224,37.4929171217026
855,1695271818,하우스터디 양재스터디카페,서울 서초구 양재동 391-18,127.046413919653,37.4720657238099
856,1859328978,강남역스터디룸 1호점,서울 서초구 서초동 1308-10,127.025088131736,37.5009873300136
857,1842560927,작심스터디카페 서울방배역점,서울 서초구 방배동 924-12,126.99574874909143,37.48378968841096
858,1398373459,플랜트스터디카페 방배점,서울 서초구 방배동 1002-15,127.00465816922,37.4819155748752
859,1867856402,공존스터디카페 교대점,서울 서초구 서초동 1659-21,127.0162323918,37.4925004954976
860,26781275,그린램프라이브러리 반포1캠퍼스,서울 서초구 반포동 54-1,127.01075519106642,37.5025662646889
861,57920694,시작스터디카페 양재시민의숲역점,서울 서초구 양재동 332-9,127.042391050785,37.4689335207252
862,971554928,다짐스터디카페 반포점,서울 서초구 반포동 49-2,127.010187202472,37.5006579845916
863,864087346,위넌스터디카페 내방역점,서울 서초구 방배동 898-1,126.99426504737991,37.4875378203062
864,687985548,타임스터디카페,서울 서초구 서초동 1487-101,127.006393570488,37.4806721013138
865,295429888,그루스터디카페 이수역센터,서울 서초구 방배동 1756,126.98284366112,37.4879818117845
866,1745691929,위스터디카페,서울 서초구 서초동 1302-35,127.02264131370306,37.502555574470264
867,678638760,위넌스터디카페 교대점,서울 서초구 서초동 1576-5,127.01389926254,37.4907537396809
868,2023694464,비에이블스터디카페 양재센터,서울 서초구 양재동 376-2,127.045046864094,37.4715472709049
869,334320236,르하임스터디카페 반포점,서울 서초구 반포동 49-11,127.010431483208,37.5006940035141
870,1302830761,위넌 스터디카페 방배이수역점,서울 서초구 방배동 438-16,126.982362018086,37.4829955607447
871,71952482,비에이블스터디카페 서초중앙센터,서울 서초구 서초동 1523-14,127.00819978704,37.4865339519195
872,819650233,그루스터디카페 서초방배센터,서울 서초구 방배동 794-19,126.988936291643,37.4933561484368
873,702615831,올탑스터디카페 우면점,서울 서초구 우면동 720,127.02677429250872,37.462886899155876
874,1644249611,상상플러스 스터디룸 1호점,서울 서초구 서초동 1316-2,127.023947269933,37.4981584074187
875,1334281123,초심스터디카페 대치학원가사거리점,서울 강남구 대치동 941-18,127.060404939603,37.4990716258002
876,760451576,노블스터디카페 강남점,서울 강남구 역삼동 817-23,127.028525862534,37.5003594497362
877,539054506,랭스스터디카페 강남직영점,서울 강남구 역삼동 826-7,127.029474134086,37.4960704266377
878,2087197281,시작스터디카페 한티점,서울 강남구 대치동 922-24,127.052381586278,37.4978176511451
879,1139977108,스터디카페 포레 대치본점,서울 강남구 대치동 959-6,127.05854282013343,37.50398484672864
880,531802961,초심스터디카페 강남역점,서울 강남구 역삼동 819-9,127.0284936899,37.4990241663955
881,69824382,작심스터디카페 삼성중앙역점,서울 강남구 삼성동 119-1,127.052993727974,37.5127055883981
882,1727903932,스터디카페포레 대치2호점,서울 강남구 대치동 898-31,127.051330200097,37.501584318057
883,1551046369,작심스터디카페 서울대치은마점,서울 강남구 대치동 1019-11,127.061238170485,37.4974061372391
884,1368172668,작심스터디카페 서울역삼점,서울 강남구 역삼동 779-9,127.045658433772,37.4956796493495
885,799370761,랭스터디카페 대치점,서울 강남구 대치동 1021-1,127.059373891784,37.4980431993999
886,1153858124,시작스터디카페 대치점,서울 강남구 대치동 940-6,127.058366869331,37.4987879323903
887,985132342,더공간스터디카페 강남역점,서울 강남구 역삼동 826-36,127.030514405693,37.4958286927204
888,460955638,그루스터디카페 강남대치사거리센터,서울 강남구 대치동 905,127.054035822142,37.502224627508
889,321025445,모멘텀,서울 강남구 역삼동 812-7,127.027043034828,37.5028970309689
890,802505812,어라운드스터디카페 강남역삼점,서울 강남구 역삼동 817-19,127.028132279066,37.5002802555883
891,626985798,비에이블스터디카페 대치2센터,서울 강남구 대치동 935-26,127.05510480981857,37.497960573283976
892,1829925058,위넌스터디카페 강남구청역점,서울 강남구 삼성동 8-5,127.04267752465314,37.51547945224388
893,1168963732,스플스터디카페 도곡센터,서울 강남구 도곡동 420-16,127.04519029761,37.4844640871126
894,205117121,허슬버슬,서울 강남구 역삼동 620-9,127.027965157168,37.5009542477593
895,381020551,블루문스터디카페 도곡점,서울 강남구 역삼동 785-11,127.046042334311,37.4947316412182
896,135186446,작심스터디카페 대치914점,서울 강남구 대치동 914,127.057190768302,37.5017690353508
897,1910276336,비에이블스터디카페 대치센터,서울 강남구 대치동 989-1,127.061614766707,37.4988079071921
898,686835215,에스랩스터디카페 강남3호점,서울 강남구 역삼동 831-25,127.03054117584,37.4949204709487
899,1947672784,플랜트스터디카페 개포라운지,서울 강남구 개포동 172-11,127.059580810262,37.4837693361701
900,1901195063,위캔스터디카페 대치본점,서울 강남구 대치동 1022-1,127.058619467457,37.497868780935
901,1486268829,비온탑스터디카페 일원본점,서울 강남구 일원동 684-1,127.08124231258,37.4904815496912
902,611264325,잇올 스파르타 스터디카페 청담점,서울 강남구 청담동 1-10,127.040131698336,37.5224631192079
903,1787884151,작심스터디카페 대치세정본점,서울 강남구 대치동 940-13,127.057980785944,37.4982006664473
904,118057796,어라운드스터디카페 청담점,서울 강남구 청담동 2-4,127.040557142151,37.5226467784153
905,546794892,비에이블스터디카페 개포센터,서울 강남구 개포동 186-8,127.068477067099,37.4890444221397
906,1727079822,타임스터디카페 개포점,서울 강남구 개포동 157,127.062456643084,37.4831155207822
907,1576632287,초심스터디카페 대치은마점,서울 강남구 대치동 316,127.064040352484,37.4959864672271
908,467759511,디딤스터디카페 개포점,서울 강남구 개포동 1200,127.049540158296,37.4762109024661
909,126992304,초심스터디카페 강남도곡점,서울 강남구 역삼동 786-21,127.044033384371,37.4936764269521
910,181794079,만권당스터디카페,서울 강남구 도곡동 420-9,127.046045495848,37.4851449192486
911,1196097607,링크스터디카페 압구정점,서울 강남구 신사동 660-14,127.037718127562,37.5279203841066
912,1835930918,르하임스터디카페 강남세곡점,서울 강남구 세곡동 587,127.100777027526,37.4667879841749
913,882494345,시간과공간 스터디카페 대치본점,서울 강남구 대치동 908,127.05118470309716,37.50050137213003
914,197575623,얼리버드스터디카페 청담점,서울 강남구 삼성동 27-28,127.04798227342138,37.515089984821664
915,732550536,소월스터디카페,서울 강남구 개포동 1228,127.046880939927,37.4759002381081
916,729328539,비에이블스터디카페 도곡센터,서울 강남구 도곡동 544,127.03972400061,37.4917263729993
917,126286494,이지스스터디카페 학여울점,서울 강남구 대치동 994-16,127.068327248228,37.4983573164191
918,252246176,위넌스터디카페 잠실학원사거리점,서울 송파구 잠실동 242-3,127.088657766383,37.5076818279386
919,1464323053,르하임스터디카페 송파점,서울 송파구 송파동 143-2,127.116158669311,37.5071813545649
920,1447587010,공간샘스터디카페오피스 송파석촌역점,서울 송파구 송파동 18-11,127.107652414413,37.5064118459349
921,127849998,어라운드스터디카페 송파장지역점,서울 송파구 장지동 841-7,127.127547893501,37.4766011487542
922,1629042111,그루스터디카페 문정동센터,서울 송파구 문정동 82,127.127526656155,37.4827316345291
923,861787082,리더스스터디카페 잠실점,서울 송파구 잠실동 209-10,127.087708151669,37.5080537507658
924,1835240813,스터디카페 다온,서울 송파구 신천동 7,127.100686541341,37.5172904034745
925,896805702,랭스터디카페 잠실새내점,서울 송파구 잠실동 177-5,127.07996467789,37.5107388338247
926,1684629754,이노블스터디카페 잠실삼전역점,서울 송파구 삼전동 11-9,127.09016074658868,37.504748820428006
927,1139141367,공간샘스터디카페 문정점,서울 송파구 문정동 29-15,127.125084019792,37.4905910320318
928,1133447091,시작스터디카페 문정점,서울 송파구 문정동 70-14,127.125451084854,37.4828960380373
929,1657112597,이룸스터디룸회의실 잠실점,서울 송파구 방이동 22,127.107457186727,37.5153932320115
930,1970689160,르하임스터디카페 석촌헬리오시티점,서울 송파구 석촌동 273-13,127.106924782628,37.500577597258
931,2086666879,감성스터디카페 석촌역점,서울 송파구 송파동 21,127.108508252083,37.5069696857792
932,1472878382,작심스터디카페 잠실석촌역점,서울 송파구 석촌동 290-8,127.10786601269,37.5039428976091
933,764963423,더오름 스터디카페,서울 송파구 거여동 21-7,127.143521327223,37.4937398140032
934,1019999274,온더데스크독서실 잠실3센터,서울 송파구 삼전동 111,127.094374971835,37.506736749644
935,888289160,푸릇스터디카페,서울 송파구 문정동 76-2,127.126921178529,37.480378852646
936,994751598,하이컴스터디카페 문정점,서울 송파구 문정동 82-8,127.128300194048,37.4828389180597
937,473182297,이지스스터디카페 풍납점,서울 송파구 풍납동 261,127.116723793917,37.5316295049635
938,1176643332,타임유스터디카페 송파풍납점,서울 송파구 풍납동 406-1,127.117346313501,37.5289096670161
939,204871295,오션스터디카페 삼전점,서울 송파구 삼전동 7-1,127.089052825403,37.5051082608774
940,940389145,초심스터디카페 송파역점,서울 송파구 송파동 97-14,127.110983912983,37.5015541474888
941,1410478701,링크스터디카페 풍납점,서울 송파구 풍납동 399-11,127.116542934598,37.5280968583708
942,1432464391,타임유 스터디카페 송파마천역점,서울 송파구 거여동 589-2,127.150816104903,37.4942929546292
943,1464260782,어라운드스터디카페 송파개롱역점,서울 송파구 가락동 175-12,127.136447626516,37.4965503249762
944,1551094838,스터디카페라브리,서울 송파구 장지동 880-1,127.1427271986921,37.4816925068407
945,1297630994,온스터디카페,서울 송파구 방이동 203-7,127.125134873931,37.510225690068
946,26022058,토브스터디 송파오금센터,서울 송파구 오금동 39-2,127.1290958858509,37.506329089043
947,26774083,스터디카페 마이라이브러리 방이점,서울 송파구 방이동 207-2,127.125400233606,37.5092883644215
948,512366770,ON24스터디카페 잠실점,서울 송파구 삼전동 1,127.090928324377,37.5072584317642
949,969709786,비온탑 스터디카페 가락점,서울 송파구 가락동 191-8,127.134047473529,37.495003342237
950,538275639,비에이블스터디카페 잠실센터,서울 송파구 잠실동 176-4,127.07940905967,37.51048512545
951,824895811,온24 문정로데오점,서울 송파구 문정동 11-14,127.128004110604,37.4895499441644
952,1557303705,비온탑스터디카페 거여점,서울 송파구 거여동 31-12,127.146581623381,37.4927611676631
953,1809140432,블루문스터디카페 잠실점,서울 송파구 잠실동 242-5,127.089069347234,37.5075914178438
954,879494110,ON24스터디카페,서울 송파구 방이동 218-34,127.122212316599,37.5074969051547
955,1862381067,공간샘스터디카페 잠실점,서울 송파구 잠실동 316-15,127.084432864283,37.5041601919461
956,661862688,이노블스터디카페 헬리오석촌점,서울 송파구 석촌동 275-9,127.10845430027504,37.50094741724679
957,1626567985,그루스터디카페 송파센터,서울 송파구 송파동 162,127.119814619218,37.5046918309137
958,1986199876,초심스터디카페 방이점,서울 송파구 방이동 207-8,127.12524954268,37.5091308485735
959,380404700,위스터디카페 가락점,서울 송파구 가락동 166-8,127.133565891381,37.4976258152935
960,1197261618,마스터디카페 방이역점,서울 송파구 방이동 207-1,127.125590105354,37.509203468309
961,1865563203,작심스터디카페 오금역점,서울 송파구 오금동 48-10,127.128204099958,37.5033531404355
962,1845661751,시작스터디카페 잠실새내2호점,서울 송파구 잠실동 181-10,127.082766901161,37.5112757040675
963,43529145,하우스터디 둔촌스터디카페,서울 강동구 성내동 417-47,127.134366495765,37.5291474134765
964,1886478035,루나스터디카페,서울 강동구 성내동 107-6,127.121897019302,37.5333812298549
965,1470627394,셀독24스터디카페 천호점,서울 강동구 천호동 450,127.130456754559,37.5370301449747
966,1901218838,열정공간,서울 강동구 명일동 47,127.153536155402,37.553580763638
967,1523764129,공간샘스터디카페 명일역점,서울 강동구 명일동 327-1,127.146150768431,37.5501627419198
968,1961136856,올탑스터디카페 강동역점,서울 강동구 천호동 447-17,127.13313885632,37.5360693886972
969,1932303681,화이트펜슬 스터디카페 둔촌점,서울 강동구 둔촌동 452-3,127.14145875215,37.5320980178627
970,1838363503,스터디온카페,서울 강동구 명일동 334-18,127.143857690444,37.5488032492026
971,1543566289,위넌스터디카페 천호점,서울 강동구 천호동 238-3,127.134682533229,37.5463525438532
972,455105928,시작스터디카페 길동점,서울 강동구 길동 406-11,127.142415304129,37.5353548850996
973,1588700886,플랜트스터디카페 강동성내라운지,서울 강동구 성내동 120-29,127.12292554105336,37.53274045337674
974,1648644972,어라운드스터디카페 상일점,서울 강동구 상일동 514,127.169087383573,37.5502870960125
975,1728348984,랭스터디카페 천호점,서울 강동구 천호동 454-60,127.127027943632,37.5387340695494
976,1437752602,잇올 관리형 스터디카페 강동길동점,서울 강동구 길동 335-2,127.142485443368,37.5436746285648
977,1888221450,그로잉스터디카페 암사점,서울 강동구 암사동 512-23,127.127004316842,37.5494857136927
978,1192328262,르하임스터디카페 굽은다리역점,서울 강동구 명일동 346-1,127.143449767853,37.5461620189583
979,1955395741,작심스터디카페 명일역점,서울 강동구 명일동 322-8,127.14110730560958,37.550929318789414
980,1097103988,그릿스터디카페,서울 강동구 고덕동 217,127.164718222028,37.5580706768176
981,1983821502,스터디카페36.5,서울 강동구 성내동 439-15,127.134652844149,37.524808765834
982,260302989,작심스터디카페 서울상일동역점,서울 강동구 고덕동 210-2,127.16890957632,37.5577476043957
983,173904493,스터디카페 위드유 오륜,서울 강동구 성내동 441-1,127.133662911629,37.5228664293416
984,1975004387,타임유스터디카페 상일동역점,서울 강동구 고덕동 210-3,127.16884801789101,37.55755127525279
985,2047734103,비온탑스터디카페 고덕점,서울 강동구 명일동 48-12,127.153935690508,37.5519512404747
986,1808185245,늘봄스터디카페,서울 강동구 성내동 322-6,127.121492330084,37.5322031381119
987,1426322685,스터디카페24365 올림픽공원 캠퍼스,서울 강동구 성내동 469-10,127.128026338503,37.525085534372
988,677651407,스터디카페 더블네거티브,서울 강동구 성내동 447-3,127.129395924475,37.5255165225929
989,1084259144,플랜트스터디카페 강일미사라운지,서울 강동구 강일동 75-10,127.175177393874,37.5722877400514
990,1376461662,작심스터디카페 서울고덕역점,서울 강동구 명일동 48-13,127.154501640406,37.5520045611292
991,1333821803,작심스터디카페 굽은다리역점,서울 강동구 길동 320-3,127.142853790604,37.5445778851751
992,713258169,그로잉스터디카페 둔촌점,서울 강동구 성내동 440-23,127.134189064832,37.5235686142263
993,2090787057,아이블스터디카페 천호강동점,서울 강동구 천호동 162-4,127.133542225901,37.5376619009844
994,1824569231,르하임스터디카페 명일역점,서울 강동구 명일동 306-5,127.143952448485,37.5533549734682
995,339718880,엘알마 스터디카페 상일동점,서울 강동구 상일동 224,127.172024090147,37.5508072345811
996,174493786,라곰 스터디카페,서울 강동구 둔촌동 622,127.144797117582,37.5336797325549
997,1878986365,셀독24시스터디카페 암사역점,서울 강동구 천호동 287-10,127.127598951596,37.5491282774028
998,703401631,터닝스터디카페 고덕점,서울 강동구 고덕동 643-4,127.15397886006,37.5597321920366
999,7348210,르하임스터디카페 고덕점,서울 강동구 고덕동 501-5,127.156344049507,37.5606877435582
1000,1017423478,르하임스터디카페 둔촌점,서울 강동구 성내동 440-30,127.13434819255495,37.52398830018277
1001,1686537189,비에이블스터디카페 명일센터,서울 강동구 명일동 325-2,127.145042407878,37.5505028837155
1002,1041949439,하임스터디카페 상일동점,서울 강동구 상일동 283,127.171129905862,37.5487524576905
1003,1267624967,엘알마스터디카페,서울 강동구 암사동 463-6,127.128668555675,37.5525400962394
1004,1855641457,그루스터디카페 고덕명일센터,서울 강동구 명일동 61,127.155663362751,37.5490369514218
1005,1205019143,꿀공스터디카페 둔촌센터,서울 강동구 둔촌동 76-4,127.142296648824,37.5300715617897
1006,1505784949,집중스터디카페 암사점,서울 강동구 암사동 503-22,127.127947860226,37.5519894688924
1007,63475619,시작스터디카페 상일동점,서울 강동구 상일동 192,127.170767558794,37.550637869016
